Time_s,Temperature_C,Humidity_%,Pressure_hPa,Lat,Lng,Alt_m,Fix,Sats,AccelX_g,AccelY_g,AccelZ_g,GyroX_deg_s,GyroY_deg_s,GyroZ_deg_s,TotalAccel,FlightStarted,ParachuteState,VideoSegment
5.320,28.95,68.24,1009.92,0.000000,0.000000,0.00,0,1,0.9382,-0.1750,0.5740,0.6565,1.7634,0.5802,1.114,0,DISABLED,0
5.376,28.95,68.29,1009.92,0.000000,0.000000,0.00,0,1,0.9397,-0.1724,0.5801,1.0840,1.6870,0.5496,1.118,0,DISABLED,0
5.431,28.95,68.29,1009.92,0.000000,0.000000,0.00,0,1,0.9502,-0.1758,0.5798,1.6641,1.4962,0.1450,1.127,0,DISABLED,0
5.489,28.93,68.22,1009.86,0.000000,0.000000,0.00,0,1,0.9456,-0.1760,0.5774,2.4656,1.3053,-0.6794,1.122,0,DISABLED,0
5.581,28.94,68.25,1009.89,0.000000,0.000000,0.00,0,1,0.9514,-0.1731,0.5784,2.8473,1.3664,-1.0687,1.127,0,DISABLED,0
5.635,28.94,68.26,1009.86,0.000000,0.000000,0.00,0,1,0.9355,-0.1733,0.5796,2.1450,1.5649,-0.5191,1.114,0,DISABLED,0
5.718,28.96,68.24,1009.91,0.000000,0.000000,0.00,0,1,0.9409,-0.1770,0.5793,1.5725,1.3893,-0.0763,1.119,0,DISABLED,0
5.799,28.96,68.24,1009.91,0.000000,0.000000,0.00,0,1,0.9431,-0.1792,0.5779,1.8092,1.4656,0.1221,1.121,0,DISABLED,0
5.853,28.96,68.24,1009.91,0.000000,0.000000,0.00,0,1,0.9412,-0.1702,0.5796,2.1374,1.4198,-0.3740,1.118,0,DISABLED,0
5.943,28.95,68.27,1009.92,0.000000,0.000000,0.00,0,1,0.9524,-0.1765,0.5837,2.5267,1.1832,-0.8092,1.131,0,DISABLED,0
6.060,28.94,68.22,1009.91,0.000000,0.000000,0.00,0,1,0.9414,-0.1780,0.5796,2.1069,1.4427,-0.5802,1.120,0,DISABLED,0
6.114,28.94,68.24,1009.88,0.000000,0.000000,0.00,0,1,0.9436,-0.1809,0.5811,1.0229,1.8779,0.3664,1.123,0,DISABLED,0
6.196,28.93,68.24,1009.88,0.000000,0.000000,0.00,0,1,0.9434,-0.1824,0.5801,1.0916,1.8015,0.4656,1.122,0,DISABLED,0
6.320,28.96,68.26,1009.93,0.000000,0.000000,0.00,0,1,0.9541,-0.1814,0.5823,0.0000,1.8702,1.4656,1.132,0,DISABLED,0
6.375,28.97,68.25,1009.94,0.000000,0.000000,0.00,0,1,0.9380,-0.1719,0.5786,-1.3206,2.2290,2.2443,1.115,0,DISABLED,1
6.435,28.97,68.25,1009.94,0.000000,0.000000,0.00,0,1,0.9392,-0.1682,0.5823,-2.7863,2.7481,3.2672,1.118,0,DISABLED,1
6.492,28.93,68.20,1009.89,0.000000,0.000000,0.00,0,1,0.9438,-0.1765,0.5781,-3.1145,2.6870,3.8855,1.121,0,DISABLED,1
6.551,28.96,68.26,1009.93,0.000000,0.000000,0.00,0,1,0.9492,-0.1694,0.5815,-0.3435,2.0611,1.8626,1.126,0,DISABLED,1
6.611,28.96,68.26,1009.93,0.000000,0.000000,0.00,0,1,0.9509,-0.1802,0.5747,2.0153,1.4656,-0.1603,1.126,0,DISABLED,1
6.670,28.95,68.21,1009.92,0.000000,0.000000,0.00,0,1,0.9497,-0.1733,0.5781,3.2290,1.1450,-1.1221,1.125,0,DISABLED,1
6.730,28.95,68.21,1009.92,0.000000,0.000000,0.00,0,1,0.9517,-0.1758,0.5874,4.8779,0.4656,-2.6718,1.132,0,DISABLED,1
6.787,28.96,68.19,1009.90,0.000000,0.000000,0.00,0,1,0.9458,-0.1775,0.5806,5.4198,0.3893,-2.9924,1.124,0,DISABLED,1
6.846,28.95,68.24,1009.91,0.000000,0.000000,0.00,0,1,0.9402,-0.1755,0.5869,3.6412,0.9695,-1.9084,1.122,0,DISABLED,1
6.929,28.95,68.24,1009.91,0.000000,0.000000,0.00,0,1,0.9304,-0.1738,0.5771,-0.5267,2.0611,2.0382,1.109,0,DISABLED,1
6.983,28.97,68.26,1009.92,0.000000,0.000000,0.00,0,1,0.9441,-0.1733,0.5776,-2.4656,2.6870,3.5344,1.120,0,DISABLED,1
7.079,28.94,68.25,1009.88,0.000000,0.000000,0.00,0,1,0.9402,-0.1846,0.5796,-1.0458,2.0534,1.8931,1.120,0,DISABLED,1
7.133,28.97,68.25,1009.94,0.000000,0.000000,0.00,0,1,0.9468,-0.1787,0.5754,1.2290,1.4580,0.1985,1.122,0,DISABLED,1
7.186,28.97,68.25,1009.94,0.000000,0.000000,0.00,0,1,0.9375,-0.1731,0.5774,2.9924,1.2748,-0.9771,1.115,0,DISABLED,1
7.244,28.95,68.23,1009.89,0.000000,0.000000,0.00,0,1,0.9434,-0.1731,0.5767,3.2214,0.9924,-1.2214,1.119,0,DISABLED,1
7.350,28.95,68.24,1009.90,0.000000,0.000000,0.00,0,1,0.9490,-0.1697,0.5857,0.5725,1.6031,0.5802,1.128,0,DISABLED,1
7.404,28.95,68.23,1009.90,0.000000,0.000000,0.00,0,1,0.9468,-0.1711,0.5754,0.7634,1.8092,1.0763,1.121,0,DISABLED,1
7.486,28.96,68.23,1009.90,0.000000,0.000000,0.00,0,1,0.9551,-0.1736,0.5771,0.9618,1.8015,0.6489,1.129,0,DISABLED,1
7.609,28.97,68.20,1009.90,0.000000,0.000000,0.00,0,1,0.9407,-0.1702,0.5779,3.7786,0.9924,-1.7099,1.117,0,DISABLED,1
7.663,28.96,68.24,1009.88,0.000000,0.000000,0.00,0,1,0.9395,-0.1768,0.5823,2.7786,1.1527,-1.0840,1.119,0,DISABLED,1
7.723,28.94,68.25,1009.90,0.000000,0.000000,0.00,0,1,0.9448,-0.1804,0.5789,1.8931,1.3893,-0.2137,1.123,0,DISABLED,1
7.783,28.94,68.25,1009.90,0.000000,0.000000,0.00,0,1,0.9478,-0.1724,0.5769,1.5115,1.5573,-0.0992,1.123,0,DISABLED,1
7.872,28.95,68.25,1009.89,0.000000,0.000000,0.00,0,1,0.9375,-0.1750,0.5801,1.3511,1.5267,0.3435,1.116,0,DISABLED,1
7.975,28.97,68.25,1009.93,0.000000,0.000000,0.00,0,1,0.9446,-0.1697,0.5830,0.4046,1.8931,1.0687,1.123,0,DISABLED,1
8.070,28.97,68.22,1009.93,0.000000,0.000000,0.00,0,1,0.9421,-0.1758,0.5786,0.0229,1.8855,1.2519,1.120,0,DISABLED,1
8.124,28.97,68.21,1009.92,0.000000,0.000000,0.00,0,1,0.9541,-0.1697,0.5798,0.3969,1.8244,0.9466,1.129,0,DISABLED,1
8.220,28.94,68.24,1009.89,0.000000,0.000000,0.00,0,1,0.9377,-0.1726,0.5786,1.5573,1.3053,-0.0763,1.115,0,DISABLED,1
8.322,28.95,68.24,1009.89,0.000000,0.000000,0.00,0,1,0.9534,-0.1694,0.5791,3.1374,1.0840,-1.1374,1.128,0,DISABLED,1
8.376,28.95,68.24,1009.89,0.000000,0.000000,0.00,0,1,0.9458,-0.1758,0.5764,2.7176,1.2901,-0.9542,1.121,0,DISABLED,1
8.472,28.95,68.26,1009.86,0.000000,0.000000,0.00,0,1,0.9348,-0.1726,0.5828,1.2901,1.5725,0.0534,1.115,0,DISABLED,1
8.526,28.97,68.20,1009.91,0.000000,0.000000,0.00,0,1,0.9436,-0.1721,0.5806,-0.2061,2.1069,1.4275,1.121,0,DISABLED,1
8.585,28.97,68.20,1009.91,0.000000,0.000000,0.00,0,1,0.9448,-0.1768,0.5813,-0.4809,2.1908,2.0076,1.123,0,DISABLED,1
8.645,28.95,68.25,1009.88,0.000000,0.000000,0.00,0,1,0.9395,-0.1743,0.5742,-0.8321,2.0534,1.7328,1.115,0,DISABLED,1
8.703,28.96,68.23,1009.89,0.000000,0.000000,0.00,0,1,0.9460,-0.1733,0.5776,1.6031,1.4885,-0.0610,1.122,0,DISABLED,1
8.785,28.96,68.23,1009.89,0.000000,0.000000,0.00,0,1,0.9551,-0.1711,0.5769,1.7176,1.4198,-0.2061,1.129,0,DISABLED,1
8.838,28.97,68.24,1009.91,0.000000,0.000000,0.00,0,1,0.9409,-0.1729,0.5735,3.4122,0.9771,-1.2290,1.115,0,DISABLED,1
11.506,28.97,68.16,1009.94,0.000000,0.000000,0.00,0,1,0.9492,-0.1741,0.5825,-0.9847,2.0382,2.2214,1.127,0,DISABLED,2
11.623,28.97,68.15,1009.93,0.000000,0.000000,0.00,0,1,0.9509,-0.1821,0.5793,3.0305,1.1527,-1.3359,1.128,0,DISABLED,2
11.678,28.96,68.15,1009.91,0.000000,0.000000,0.00,0,1,0.9377,-0.1768,0.5776,3.8473,0.8702,-1.9313,1.115,0,DISABLED,2
11.774,28.95,68.17,1009.88,0.000000,0.000000,0.00,0,1,0.9470,-0.1858,0.5823,-2.7405,2.6107,3.2290,1.127,0,DISABLED,2
11.856,28.98,68.16,1009.93,0.000000,0.000000,0.00,0,1,0.9453,-0.1826,0.5745,-2.1985,2.4351,2.7939,1.121,0,DISABLED,2
11.911,28.98,68.16,1009.93,0.000000,0.000000,0.00,0,1,0.9426,-0.1787,0.5747,1.4198,1.5191,0.2748,1.118,0,DISABLED,2
11.970,28.97,68.17,1009.92,0.000000,0.000000,0.00,0,1,0.9517,-0.1821,0.5752,5.5191,0.5649,-2.9924,1.127,0,DISABLED,2
12.053,28.96,68.14,1009.87,0.000000,0.000000,0.00,0,1,0.9346,-0.1787,0.5811,4.5878,0.7023,-2.5191,1.115,0,DISABLED,2
12.108,28.96,68.14,1009.87,0.000000,0.000000,0.00,0,1,0.9360,-0.1770,0.5876,1.7099,1.4046,-0.1756,1.119,0,DISABLED,2
12.165,28.98,68.17,1009.91,0.000000,0.000000,0.00,0,1,0.9395,-0.1846,0.5828,-0.6489,2.1298,1.9084,1.121,0,DISABLED,2
12.270,28.96,68.14,1009.88,0.000000,0.000000,0.00,0,1,0.9470,-0.1736,0.5762,-2.5496,2.5344,3.3130,1.122,0,DISABLED,2
12.324,28.98,68.17,1009.90,0.000000,0.000000,0.00,0,1,0.9475,-0.1714,0.5796,-1.5649,2.2443,2.2595,1.124,0,DISABLED,2
12.387,28.98,68.17,1009.90,0.000000,0.000000,0.00,0,1,0.9478,-0.1794,0.5793,1.9389,1.2901,-0.5496,1.125,0,DISABLED,2
12.445,28.96,68.13,1009.87,0.000000,0.000000,0.00,0,1,0.9485,-0.1763,0.5757,6.2443,0.3435,-3.8702,1.123,0,DISABLED,2
12.565,28.98,68.16,1009.91,0.000000,0.000000,0.00,0,1,0.9392,-0.1721,0.5835,6.5038,0.2519,-4.2366,1.119,0,DISABLED,2
12.622,28.99,68.11,1009.89,0.000000,0.000000,0.00,0,1,0.9404,-0.1816,0.5828,2.5267,1.1603,-0.9389,1.121,0,DISABLED,3
12.684,28.99,68.11,1009.89,0.000000,0.000000,0.00,0,1,0.9380,-0.1848,0.5842,-1.6870,2.3130,2.7710,1.120,0,DISABLED,3
12.743,28.96,68.21,1009.86,0.000000,0.000000,0.00,0,1,0.9387,-0.1804,0.5762,-4.4809,3.1832,5.1985,1.116,0,DISABLED,3
12.801,28.98,68.13,1009.89,0.000000,0.000000,0.00,0,1,0.9453,-0.1812,0.5752,-4.1298,3.1298,4.7328,1.121,0,DISABLED,3
12.860,28.98,68.13,1009.89,0.000000,0.000000,0.00,0,1,0.9509,-0.1833,0.5784,-0.3969,1.9008,1.7786,1.128,0,DISABLED,3
12.920,28.97,68.15,1009.88,0.000000,0.000000,0.00,0,1,0.9561,-0.1816,0.5671,3.9389,0.6870,-1.7710,1.126,0,DISABLED,3
12.980,28.97,68.15,1009.88,0.000000,0.000000,0.00,0,1,0.9346,-0.1782,0.5796,6.7634,0.0687,-4.4427,1.114,0,DISABLED,3
13.039,28.97,68.14,1009.86,0.000000,0.000000,0.00,0,1,0.9434,-0.1841,0.5828,7.3893,0.1679,-4.4656,1.124,0,DISABLED,3
13.098,28.98,68.14,1009.90,0.000000,0.000000,0.00,0,1,0.9402,-0.1809,0.5825,4.4351,0.7634,-2.4885,1.121,0,DISABLED,3
13.190,28.98,68.14,1009.87,0.000000,0.000000,0.00,0,1,0.9451,-0.1780,0.5801,1.2366,1.6412,0.6870,1.123,0,DISABLED,3
13.292,28.97,68.12,1009.88,0.000000,0.000000,0.00,0,1,0.9387,-0.1831,0.5784,-1.6794,2.6489,2.6947,1.118,0,DISABLED,3
13.347,28.97,68.12,1009.88,0.000000,0.000000,0.00,0,1,0.9480,-0.1804,0.5789,-1.2977,2.4122,2.3664,1.125,0,DISABLED,3
13.409,28.96,68.15,1009.86,0.000000,0.000000,0.00,0,1,0.9563,-0.1855,0.5728,0.3511,1.7939,0.9008,1.130,0,DISABLED,3
13.492,28.98,68.11,1009.87,0.000000,0.000000,0.00,0,1,0.9409,-0.1782,0.5750,2.7634,1.3893,-0.7786,1.117,0,DISABLED,3
13.581,28.98,68.11,1009.92,0.000000,0.000000,0.00,0,1,0.9426,-0.1772,0.5864,-0.3359,1.9084,1.8168,1.124,0,DISABLED,3
13.669,28.97,68.09,1009.92,0.000000,0.000000,0.00,0,1,0.9441,-0.1814,0.5850,-2.4656,2.6107,3.7710,1.125,0,DISABLED,3
13.723,28.98,68.07,1009.88,0.000000,0.000000,0.00,0,1,0.9470,-0.1790,0.5801,-1.8168,2.4275,3.0076,1.125,0,DISABLED,3
13.783,28.97,68.12,1009.88,0.000000,0.000000,0.00,0,1,0.9463,-0.1794,0.5808,-0.3511,1.6947,1.6336,1.125,0,DISABLED,3
13.844,28.97,68.12,1009.88,0.000000,0.000000,0.00,0,1,0.9543,-0.1824,0.5745,1.2137,1.6336,0.2901,1.129,0,DISABLED,3
13.902,28.97,68.06,1009.89,0.000000,0.000000,0.00,0,1,0.9465,-0.1748,0.5786,2.8015,1.3511,-0.7405,1.123,0,DISABLED,3
13.962,28.97,68.06,1009.89,0.000000,0.000000,0.00,0,1,0.9402,-0.1770,0.5835,1.6183,1.4198,0.0534,1.121,0,DISABLED,3
14.023,28.98,68.09,1009.89,0.000000,0.000000,0.00,0,1,0.9561,-0.1816,0.5796,0.1832,1.7252,0.8779,1.133,0,DISABLED,3
14.081,28.98,68.10,1009.89,0.000000,0.000000,0.00,0,1,0.9412,-0.1790,0.5791,1.1985,1.6565,0.2748,1.119,0,DISABLED,3
14.139,28.98,68.10,1009.89,0.000000,0.000000,0.00,0,1,0.9395,-0.1797,0.5769,2.5573,1.3206,-0.4198,1.117,0,DISABLED,3
14.199,28.97,68.11,1009.89,0.000000,0.000000,0.00,0,1,0.9395,-0.1770,0.5837,0.7405,1.5649,0.7481,1.120,0,DISABLED,3
14.257,28.97,68.11,1009.89,0.000000,0.000000,0.00,0,1,0.9434,-0.1755,0.5803,-0.2672,2.0229,1.6870,1.121,0,DISABLED,3
14.318,28.98,68.10,1009.89,0.000000,0.000000,0.00,0,1,0.9370,-0.1782,0.5796,0.7023,1.9313,1.2901,1.116,0,DISABLED,3
14.376,28.98,68.09,1009.90,0.000000,0.000000,0.00,0,1,0.9492,-0.1731,0.5725,1.5267,1.4809,0.0687,1.122,0,DISABLED,3
14.436,28.98,68.09,1009.90,0.000000,0.000000,0.00,0,1,0.9453,-0.1799,0.5806,3.8321,0.6794,-1.9771,1.124,0,DISABLED,3
14.494,28.97,68.13,1009.89,0.000000,0.000000,0.00,0,1,0.9446,-0.1858,0.5774,4.8168,0.7939,-2.7099,1.123,0,DISABLED,3
14.555,28.97,68.13,1009.89,0.000000,0.000000,0.00,0,1,0.9438,-0.1802,0.5723,7.2366,-0.0687,-4.7099,1.118,0,DISABLED,3
14.615,28.98,68.09,1009.87,0.000000,0.000000,0.00,0,1,0.9363,-0.1865,0.5776,7.8168,-0.1374,-5.1221,1.116,0,DISABLED,3
14.673,28.98,68.07,1009.89,0.000000,0.000000,0.00,0,1,0.9438,-0.1858,0.5791,5.3664,0.6489,-3.1756,1.123,0,DISABLED,3
14.733,28.98,68.07,1009.89,0.000000,0.000000,0.00,0,1,0.9343,-0.1785,0.5823,2.8015,1.6183,-1.2214,1.115,0,DISABLED,3
14.791,28.97,68.08,1009.88,0.000000,0.000000,0.00,0,1,0.9407,-0.1809,0.5808,-0.0229,1.8015,1.1679,1.120,0,DISABLED,3
15.235,28.99,68.04,1009.93,0.000000,0.000000,0.00,0,1,0.9382,-0.1904,0.5818,3.5420,1.0458,-1.5420,1.120,0,DISABLED,3
15.317,28.99,68.04,1009.93,0.000000,0.000000,0.00,0,1,0.9392,-0.1807,0.5759,2.7405,1.2977,-1.3053,1.116,0,DISABLED,3
15.371,28.99,68.04,1009.93,0.000000,0.000000,0.00,0,1,0.9456,-0.1843,0.5793,1.9160,1.3893,-0.5573,1.124,0,DISABLED,3
15.433,28.99,68.04,1009.93,0.000000,0.000000,0.00,0,1,0.9336,-0.1780,0.5752,0.1069,2.0076,1.0992,1.111,0,DISABLED,3
15.521,28.96,68.09,1009.85,0.000000,0.000000,0.00,0,1,0.9485,-0.1870,0.5781,-0.6183,2.1832,1.9008,1.126,0,DISABLED,3
15.576,28.99,68.08,1009.91,0.000000,0.000000,0.00,0,1,0.9414,-0.1804,0.5732,0.2137,2.0458,0.9771,1.117,0,DISABLED,3
15.638,28.96,68.06,1009.88,0.000000,0.000000,0.00,0,1,0.9465,-0.1877,0.5803,0.7023,1.7252,0.7557,1.126,0,DISABLED,4
15.697,28.96,68.06,1009.88,0.000000,0.000000,0.00,0,1,0.9395,-0.1824,0.5752,-0.2748,2.1145,1.6260,1.117,0,DISABLED,4
15.757,28.98,68.08,1009.90,0.000000,0.000000,0.00,0,1,0.9458,-0.1892,0.5764,0.3053,1.8168,0.9084,1.124,0,DISABLED,4
15.817,28.98,68.08,1009.90,0.000000,0.000000,0.00,0,1,0.9473,-0.1807,0.5703,1.6260,1.8702,-0.5115,1.120,0,DISABLED,4
15.876,28.98,68.03,1009.88,0.000000,0.000000,0.00,0,1,0.9360,-0.1860,0.5825,2.7786,1.3969,-1.0000,1.118,0,DISABLED,4
15.936,28.98,68.05,1009.87,0.000000,0.000000,0.00,0,1,0.9377,-0.1841,0.5793,2.2595,1.4656,-0.1908,1.118,0,DISABLED,4
15.995,28.98,68.05,1009.87,0.000000,0.000000,0.00,0,1,0.9468,-0.1809,0.5815,0.6412,1.6183,0.6260,1.126,0,DISABLED,4
16.054,28.98,68.05,1009.89,0.000000,0.000000,0.00,0,1,0.9443,-0.1909,0.5776,0.1603,2.1069,1.1985,1.123,0,DISABLED,4
16.113,28.98,68.05,1009.89,0.000000,0.000000,0.00,0,1,0.9414,-0.1763,0.5706,0.6565,1.7634,0.5573,1.115,0,DISABLED,4
16.171,28.99,68.06,1009.90,0.000000,0.000000,0.00,0,1,0.9492,-0.1877,0.5781,2.3130,1.4198,-0.4733,1.127,0,DISABLED,4
16.262,28.99,68.04,1009.91,0.000000,0.000000,0.00,0,1,0.9485,-0.1802,0.5752,2.9313,1.0382,-0.8702,1.124,0,DISABLED,4
16.316,28.99,68.04,1009.87,0.000000,0.000000,0.00,0,1,0.9431,-0.1809,0.5759,2.2672,1.3893,-0.2824,1.120,0,DISABLED,4
16.379,29.00,68.04,1009.89,0.000000,0.000000,0.00,0,1,0.9443,-0.1809,0.5845,0.7634,1.6947,0.4962,1.125,0,DISABLED,4
16.462,28.98,68.03,1009.89,0.000000,0.000000,0.00,0,1,0.9429,-0.1787,0.5801,1.0229,1.9847,0.4198,1.121,0,DISABLED,4
16.564,29.00,68.03,1009.93,0.000000,0.000000,0.00,0,1,0.9412,-0.1863,0.5813,1.8015,1.4962,-0.2214,1.122,0,DISABLED,4
16.646,29.00,68.03,1009.92,0.000000,0.000000,0.00,0,1,0.9438,-0.1814,0.5820,1.5802,1.5344,0.0458,1.124,0,DISABLED,4
16.742,28.99,68.03,1009.90,0.000000,0.000000,0.00,0,1,0.9451,-0.1816,0.5830,1.0305,1.6412,0.5344,1.125,0,DISABLED,4
16.845,28.99,68.03,1009.89,0.000000,0.000000,0.00,0,1,0.9409,-0.1816,0.5752,1.7176,1.3511,0.0687,1.118,0,DISABLED,4
16.994,28.99,68.03,1009.89,0.000000,0.000000,0.00,0,1,0.9392,-0.1804,0.5813,0.9008,1.8473,0.4809,1.119,0,DISABLED,4
17.048,28.97,68.02,1009.86,0.000000,0.000000,0.00,0,1,0.9385,-0.1799,0.5791,-2.7557,2.7099,3.3740,1.117,0,DISABLED,4
17.130,28.97,68.02,1009.86,0.000000,0.000000,0.00,0,1,0.9402,-0.1838,0.5806,-2.5573,2.5191,3.4809,1.120,0,DISABLED,4
17.239,28.98,68.02,1009.87,0.000000,0.000000,0.00,0,1,0.9436,-0.1785,0.5752,-0.4885,1.8473,1.7939,1.119,0,DISABLED,4
17.294,28.98,68.02,1009.87,0.000000,0.000000,0.00,0,1,0.9431,-0.1804,0.5811,1.3893,1.5344,0.0076,1.122,0,DISABLED,4
17.355,29.00,68.03,1009.92,0.000000,0.000000,0.00,0,1,0.9490,-0.1755,0.5796,3.6183,0.9695,-1.4275,1.126,0,DISABLED,4
17.413,28.97,68.03,1009.87,0.000000,0.000000,0.00,0,1,0.9541,-0.1760,0.5828,3.3969,0.9847,-1.3817,1.132,0,DISABLED,4
17.505,28.99,68.01,1009.89,0.000000,0.000000,0.00,0,1,0.9424,-0.1812,0.5793,-0.2443,1.8779,1.4427,1.121,0,DISABLED,4
17.654,29.00,68.01,1009.91,0.000000,0.000000,0.00,0,1,0.9480,-0.1787,0.5815,-0.3359,2.2443,1.6641,1.126,0,DISABLED,4
17.750,29.00,68.00,1009.93,0.000000,0.000000,0.00,0,1,0.9438,-0.1812,0.5723,1.9084,1.6336,0.0458,1.119,0,DISABLED,4
17.831,29.00,68.02,1009.92,0.000000,0.000000,0.00,0,1,0.9500,-0.1741,0.5779,2.4122,1.2977,-0.6031,1.125,0,DISABLED,4
17.913,29.00,68.01,1009.93,0.000000,0.000000,0.00,0,1,0.9495,-0.1765,0.5874,0.9160,1.5725,0.4122,1.130,0,DISABLED,4
17.967,29.00,68.01,1009.93,0.000000,0.000000,0.00,0,1,0.9424,-0.1731,0.5762,0.3282,1.8855,0.8168,1.118,0,DISABLED,4
18.026,28.99,68.04,1009.91,0.000000,0.000000,0.00,0,1,0.9436,-0.1846,0.5750,0.7557,1.5878,0.8168,1.120,0,DISABLED,4
18.087,28.99,68.01,1009.91,0.000000,0.000000,0.00,0,1,0.9485,-0.1746,0.5789,1.9618,1.2061,-0.5038,1.125,0,DISABLED,4
18.145,28.99,68.01,1009.91,0.000000,0.000000,0.00,0,1,0.9436,-0.1787,0.5774,2.9618,1.0458,-1.4962,1.121,0,DISABLED,4
18.205,28.99,67.98,1009.91,0.000000,0.000000,0.00,0,1,0.9424,-0.1838,0.5771,3.4656,1.0687,-1.2290,1.120,0,DISABLED,4
18.263,28.99,67.98,1009.91,0.000000,0.000000,0.00,0,1,0.9363,-0.1743,0.5793,3.1527,1.0382,-1.5038,1.115,0,DISABLED,4
18.323,29.00,68.00,1009.91,0.000000,0.000000,0.00,0,1,0.9390,-0.1851,0.5767,2.7176,1.1221,-1.1374,1.117,0,DISABLED,4
18.415,29.00,68.01,1009.93,0.000000,0.000000,0.00,0,1,0.9426,-0.1794,0.5798,0.4427,1.9389,1.0076,1.121,0,DISABLED,4
18.496,29.01,68.02,1009.93,0.000000,0.000000,0.00,0,1,0.9404,-0.1833,0.5767,0.3206,2.0229,0.9695,1.118,0,DISABLED,4
18.550,29.01,68.02,1009.93,0.000000,0.000000,0.00,0,1,0.9399,-0.1799,0.5803,0.6870,1.8855,0.9771,1.119,0,DISABLED,4
18.662,29.00,68.04,1009.91,0.000000,0.000000,0.00,0,1,0.9463,-0.1833,0.5835,1.8626,1.4809,-0.5344,1.127,0,DISABLED,5
18.712,29.00,68.01,1009.91,0.000000,0.000000,0.00,0,1,0.9436,-0.1880,0.5793,1.9084,1.3664,-0.2290,1.123,0,DISABLED,5
18.774,28.99,67.97,1009.87,0.000000,0.000000,0.00,0,1,0.9480,-0.1846,0.5774,1.1450,1.4275,0.4275,1.125,0,DISABLED,5
18.833,28.99,67.97,1009.87,0.000000,0.000000,0.00,0,1,0.9392,-0.1780,0.5852,-0.0305,1.9924,1.4885,1.121,0,DISABLED,5
19.437,29.01,68.00,1009.91,0.000000,0.000000,0.00,0,1,0.9424,-0.1831,0.5820,3.6107,0.7252,-1.6794,1.123,0,DISABLED,5
19.491,29.01,68.01,1009.92,0.000000,0.000000,0.00,0,1,0.9329,-0.1753,0.5815,2.5649,1.1374,-0.6947,1.113,0,DISABLED,5
19.601,28.99,67.99,1009.86,0.000000,0.000000,0.00,0,1,0.9424,-0.1824,0.5774,-0.2061,1.8473,1.3817,1.120,0,DISABLED,5
19.683,29.01,68.00,1009.92,0.000000,0.000000,0.00,0,1,0.9419,-0.1865,0.5767,0.5725,1.5344,0.8321,1.120,0,DISABLED,5
19.800,29.01,68.00,1009.91,0.000000,0.000000,0.00,0,1,0.9475,-0.1807,0.5757,3.4046,1.0000,-1.2443,1.123,0,DISABLED,5
19.881,29.02,67.99,1009.92,0.000000,0.000000,0.00,0,1,0.9465,-0.1829,0.5850,3.1527,0.9771,-1.3282,1.128,0,DISABLED,5
19.963,29.02,68.00,1009.92,0.000000,0.000000,0.00,0,1,0.9434,-0.1826,0.5776,1.4580,1.4962,0.0305,1.121,0,DISABLED,5
20.017,29.02,68.00,1009.92,0.000000,0.000000,0.00,0,1,0.9404,-0.1890,0.5813,0.8397,1.6412,0.6260,1.122,0,DISABLED,5
20.077,29.01,67.98,1009.91,0.000000,0.000000,0.00,0,1,0.9463,-0.1780,0.5742,0.6641,1.9771,1.2061,1.121,0,DISABLED,5
20.135,28.99,67.98,1009.89,0.000000,0.000000,0.00,0,1,0.9436,-0.1799,0.5718,0.6870,1.7939,0.7176,1.118,0,DISABLED,5
20.196,28.99,67.98,1009.89,0.000000,0.000000,0.00,0,1,0.9431,-0.1853,0.5781,1.1908,1.6412,0.4580,1.122,0,DISABLED,5
20.301,29.00,67.98,1009.89,0.000000,0.000000,0.00,0,1,0.9446,-0.1758,0.5801,2.2824,1.3664,-0.1298,1.122,0,DISABLED,5
20.410,29.02,68.00,1009.92,0.000000,0.000000,0.00,0,1,0.9380,-0.1858,0.5808,1.4198,1.4580,0.2901,1.119,0,DISABLED,5
20.464,29.01,67.98,1009.90,0.000000,0.000000,0.00,0,1,0.9385,-0.1763,0.5813,0.9389,1.5725,0.2977,1.118,0,DISABLED,5
20.547,29.00,67.98,1009.90,0.000000,0.000000,0.00,0,1,0.9351,-0.1812,0.5823,1.2366,1.7023,0.3130,1.116,0,DISABLED,5
20.601,29.00,67.98,1009.90,0.000000,0.000000,0.00,0,1,0.9470,-0.1746,0.5750,1.5649,1.6489,-0.0381,1.122,0,DISABLED,5
20.660,29.01,67.97,1009.88,0.000000,0.000000,0.00,0,1,0.9431,-0.1860,0.5764,1.6565,1.3740,0.0763,1.121,0,DISABLED,5
20.720,29.00,67.99,1009.87,0.000000,0.000000,0.00,0,1,0.9324,-0.1816,0.5796,1.7710,1.4580,-0.2137,1.113,0,DISABLED,5
20.781,29.00,67.99,1009.87,0.000000,0.000000,0.00,0,1,0.9412,-0.1843,0.5833,1.6489,1.4275,-0.3359,1.122,0,DISABLED,5
20.869,29.01,68.00,1009.89,0.000000,0.000000,0.00,0,1,0.9438,-0.1851,0.5806,1.5954,1.5344,0.0152,1.123,0,DISABLED,5
20.971,29.03,67.99,1009.93,0.000000,0.000000,0.00,0,1,0.9341,-0.1824,0.5847,1.2672,1.4198,0.2595,1.117,0,DISABLED,5
21.074,29.03,68.02,1009.93,0.000000,0.000000,0.00,0,1,0.9453,-0.1821,0.5825,1.2672,1.6565,0.4580,1.125,0,DISABLED,5
21.190,29.03,67.95,1009.92,0.000000,0.000000,0.00,0,1,0.9446,-0.1836,0.5774,1.0534,1.6107,0.3817,1.122,0,DISABLED,5
21.244,29.02,67.97,1009.89,0.000000,0.000000,0.00,0,1,0.9482,-0.1804,0.5791,0.3893,1.7786,0.9466,1.126,0,DISABLED,5
21.327,29.00,67.98,1009.86,0.000000,0.000000,0.00,0,1,0.9426,-0.1775,0.5793,0.5725,1.8321,0.9389,1.121,0,DISABLED,5
21.381,29.00,67.97,1009.90,0.000000,0.000000,0.00,0,1,0.9490,-0.1772,0.5754,0.9924,1.7863,0.3664,1.124,0,DISABLED,5
21.463,29.01,67.98,1009.90,0.000000,0.000000,0.00,0,1,0.9443,-0.1816,0.5771,1.0534,1.5802,0.5954,1.122,0,DISABLED,5
21.517,29.03,67.98,1009.96,0.000000,0.000000,0.00,0,1,0.9434,-0.1772,0.5791,1.3130,1.5573,0.4351,1.121,0,DISABLED,5
21.619,29.01,67.99,1009.91,0.000000,0.000000,0.00,0,1,0.9434,-0.1821,0.5767,2.1832,1.3664,-0.2443,1.121,0,DISABLED,5
21.674,29.01,67.99,1009.91,0.000000,0.000000,0.00,0,1,0.9436,-0.1777,0.5801,1.6489,1.7328,-0.1527,1.122,0,DISABLED,6
21.766,29.03,68.00,1009.93,0.000000,0.000000,0.00,0,1,0.9446,-0.1819,0.5786,1.6794,1.7176,-0.1527,1.123,0,DISABLED,6
21.822,29.03,67.98,1009.92,0.000000,0.000000,0.00,0,1,0.9338,-0.1853,0.5840,1.1145,1.6412,0.1221,1.117,0,DISABLED,6
21.879,29.03,67.98,1009.92,0.000000,0.000000,0.00,0,1,0.9465,-0.1787,0.5793,1.4809,1.6794,0.4733,1.124,0,DISABLED,6
21.939,29.01,68.00,1009.87,0.000000,0.000000,0.00,0,1,0.9355,-0.1846,0.5776,1.5725,1.5115,-0.1756,1.115,0,DISABLED,6
21.998,29.03,68.00,1009.89,0.000000,0.000000,0.00,0,1,0.9487,-0.1836,0.5796,1.7481,1.4198,-0.0076,1.127,0,DISABLED,6
22.057,29.03,68.00,1009.89,0.000000,0.000000,0.00,0,1,0.9338,-0.1843,0.5815,1.5573,1.4962,-0.0687,1.115,0,DISABLED,6
22.117,29.02,67.96,1009.90,0.000000,0.000000,0.00,0,1,0.9463,-0.1853,0.5737,1.2595,1.6489,0.2595,1.122,0,DISABLED,6
22.176,29.02,67.96,1009.90,0.000000,0.000000,0.00,0,1,0.9475,-0.1746,0.5806,1.0229,1.4962,0.6107,1.125,0,DISABLED,6
22.266,29.03,67.96,1009.93,0.000000,0.000000,0.00,0,1,0.9390,-0.1812,0.5774,1.2824,1.7481,0.2290,1.117,0,DISABLED,6
22.348,29.04,67.96,1009.93,0.000000,0.000000,0.00,0,1,0.9470,-0.1809,0.5764,1.3588,1.5802,0.3740,1.123,0,DISABLED,6
22.443,29.04,67.96,1009.95,0.000000,0.000000,0.00,0,1,0.9414,-0.1782,0.5813,0.8321,1.8244,0.6107,1.121,0,DISABLED,6
22.498,29.04,67.99,1009.93,0.000000,0.000000,0.00,0,1,0.9480,-0.1846,0.5823,0.8168,1.6412,0.6412,1.128,0,DISABLED,6
22.557,29.04,67.99,1009.93,0.000000,0.000000,0.00,0,1,0.9434,-0.1831,0.5840,0.9771,1.5725,0.7939,1.124,0,DISABLED,6
22.618,29.01,67.99,1009.89,0.000000,0.000000,0.00,0,1,0.9451,-0.1882,0.5769,1.0458,1.6794,0.5344,1.123,0,DISABLED,6
22.724,29.04,67.97,1009.92,0.000000,0.000000,0.00,0,1,0.9375,-0.1816,0.5818,1.7099,1.6947,0.1221,1.118,0,DISABLED,6
22.841,29.04,67.97,1009.93,0.000000,0.000000,0.00,0,1,0.9468,-0.1890,0.5833,1.7328,1.3969,-0.1145,1.128,0,DISABLED,6
22.896,29.04,67.99,1009.93,0.000000,0.000000,0.00,0,1,0.9460,-0.1807,0.5811,1.2901,1.6947,0.4504,1.125,0,DISABLED,6
22.955,29.04,67.99,1009.93,0.000000,0.000000,0.00,0,1,0.9468,-0.1790,0.5740,1.0534,1.6794,0.5344,1.122,0,DISABLED,6
23.015,29.02,67.98,1009.90,0.000000,0.000000,0.00,0,1,0.9358,-0.1909,0.5803,1.3053,1.5954,0.3893,1.118,0,DISABLED,6
23.135,29.04,67.97,1009.92,0.000000,0.000000,0.00,0,1,0.9397,-0.1860,0.5789,1.5725,1.3359,0.0610,1.119,0,DISABLED,6
23.571,29.04,67.96,1009.92,0.000000,0.000000,0.00,0,1,0.9382,-0.1812,0.5847,1.5573,1.6412,0.2290,1.120,0,DISABLED,6
23.625,29.04,67.96,1009.92,0.000000,0.000000,0.00,0,1,0.9443,-0.1846,0.5786,1.4656,1.6412,0.2443,1.123,0,DISABLED,6
23.685,29.03,67.97,1009.91,0.000000,0.000000,0.00,0,1,0.9424,-0.1804,0.5806,1.3282,1.7710,0.0763,1.121,0,DISABLED,6
23.791,29.04,67.97,1009.91,0.000000,0.000000,0.00,0,1,0.9424,-0.1799,0.5781,1.2748,1.3588,0.2672,1.120,0,DISABLED,6
23.915,29.05,67.98,1009.95,0.000000,0.000000,0.00,0,1,0.9441,-0.1812,0.5798,1.0611,1.6641,0.4504,1.123,0,DISABLED,6
23.997,29.06,67.96,1009.93,0.000000,0.000000,0.00,0,1,0.9375,-0.1785,0.5825,1.2901,1.5344,0.1756,1.118,0,DISABLED,6
24.079,29.05,67.96,1009.93,0.000000,0.000000,0.00,0,1,0.9517,-0.1782,0.5774,1.1908,1.7252,0.5420,1.127,0,DISABLED,6
24.195,29.05,67.97,1009.94,0.000000,0.000000,0.00,0,1,0.9453,-0.1794,0.5796,1.5954,1.7176,0.2366,1.123,0,DISABLED,6
24.291,29.06,67.93,1009.94,0.000000,0.000000,0.00,0,1,0.9419,-0.1770,0.5803,1.4275,1.6107,0.0687,1.120,0,DISABLED,6
24.373,29.06,67.96,1009.94,0.000000,0.000000,0.00,0,1,0.9470,-0.1780,0.5762,1.2519,1.3740,0.0916,1.123,0,DISABLED,6
24.427,29.06,67.96,1009.94,0.000000,0.000000,0.00,0,1,0.9417,-0.1821,0.5801,1.2214,1.4580,0.3588,1.121,0,DISABLED,6
24.577,29.06,67.96,1009.96,0.000000,0.000000,0.00,0,1,0.9414,-0.1816,0.5784,1.3206,1.5267,0.3206,1.120,0,DISABLED,6
24.659,29.06,67.96,1009.96,0.000000,0.000000,0.00,0,1,0.9458,-0.1846,0.5784,1.1069,1.7023,0.3588,1.124,0,DISABLED,6
24.758,29.04,67.96,1009.92,0.000000,0.000000,0.00,0,1,0.9355,-0.1787,0.5774,0.8626,1.9084,0.4351,1.114,0,DISABLED,7
24.808,29.04,67.96,1009.92,0.000000,0.000000,0.00,0,1,0.9485,-0.1729,0.5774,1.0534,1.6718,0.3817,1.124,0,DISABLED,7
24.871,29.06,67.98,1009.93,0.000000,0.000000,0.00,0,1,0.9453,-0.1902,0.5801,1.4122,1.6794,0.2137,1.125,0,DISABLED,7
24.931,29.04,67.95,1009.89,0.000000,0.000000,0.00,0,1,0.9414,-0.1768,0.5811,1.7939,1.4733,0.0000,1.120,0,DISABLED,7
24.990,29.04,67.95,1009.89,0.000000,0.000000,0.00,0,1,0.9424,-0.1777,0.5786,1.4809,1.5038,-0.0992,1.120,0,DISABLED,7
25.050,29.05,67.96,1009.92,0.000000,0.000000,0.00,0,1,0.9453,-0.1770,0.5820,1.1985,1.5649,0.5725,1.124,0,DISABLED,7
25.109,29.05,67.96,1009.92,0.000000,0.000000,0.00,0,1,0.9404,-0.1875,0.5796,0.9160,1.7176,0.6947,1.120,0,DISABLED,7
25.169,29.05,67.91,1009.91,0.000000,0.000000,0.00,0,1,0.9468,-0.1797,0.5818,0.6947,1.7176,0.7863,1.126,0,DISABLED,7
25.226,29.05,67.97,1009.91,0.000000,0.000000,0.00,0,1,0.9436,-0.1790,0.5784,0.4809,1.7099,1.1298,1.121,0,DISABLED,7
25.308,29.05,67.97,1009.94,0.000000,0.000000,0.00,0,1,0.9473,-0.1794,0.5771,0.3435,2.1221,1.2290,1.124,0,DISABLED,7
25.411,29.05,67.95,1009.88,0.000000,0.000000,0.00,0,1,0.9390,-0.1787,0.5825,0.4275,1.6870,0.9466,1.119,0,DISABLED,7
25.514,29.04,67.95,1009.91,0.000000,0.000000,0.00,0,1,0.9392,-0.1794,0.5762,1.3511,1.7557,0.2748,1.116,0,DISABLED,7
25.595,29.04,67.95,1009.91,0.000000,0.000000,0.00,0,1,0.9463,-0.1807,0.5811,1.6260,1.4198,-0.0839,1.125,0,DISABLED,7
25.711,29.05,67.95,1009.89,0.000000,0.000000,0.00,0,1,0.9404,-0.1775,0.5852,1.4351,1.6565,0.2748,1.122,0,DISABLED,7
25.765,29.05,67.95,1009.89,0.000000,0.000000,0.00,0,1,0.9456,-0.1831,0.5789,1.5191,1.5115,0.1756,1.124,0,DISABLED,7
25.847,29.04,67.96,1009.88,0.000000,0.000000,0.00,0,1,0.9573,-0.1738,0.5769,1.3893,1.5038,0.2595,1.131,0,DISABLED,7
25.901,29.08,67.97,1009.92,0.000000,0.000000,0.00,0,1,0.9441,-0.1787,0.5791,1.6947,1.6183,0.2443,1.122,0,DISABLED,7
25.961,29.08,67.97,1009.92,0.000000,0.000000,0.00,0,1,0.9465,-0.1814,0.5869,1.6489,1.2977,-0.0763,1.128,0,DISABLED,7
26.021,29.04,67.97,1009.88,0.000000,0.000000,0.00,0,1,0.9463,-0.1790,0.5759,1.9084,1.6641,0.0763,1.122,0,DISABLED,7
26.079,29.04,67.97,1009.88,0.000000,0.000000,0.00,0,1,0.9385,-0.1814,0.5745,1.4275,1.4122,0.0534,1.115,0,DISABLED,7
26.171,29.06,67.94,1009.92,0.000000,0.000000,0.00,0,1,0.9463,-0.1787,0.5840,0.7252,1.7481,0.8015,1.126,0,DISABLED,7
26.226,29.07,67.95,1009.88,0.000000,0.000000,0.00,0,1,0.9421,-0.1775,0.5771,1.1374,1.4885,0.2824,1.119,0,DISABLED,7
26.309,29.05,67.95,1009.88,0.000000,0.000000,0.00,0,1,0.9470,-0.1812,0.5830,1.4046,1.6489,0.5038,1.127,0,DISABLED,7
26.425,29.06,67.95,1009.93,0.000000,0.000000,0.00,0,1,0.9453,-0.1860,0.5801,1.6107,1.5344,-0.0076,1.125,0,DISABLED,7
26.507,29.08,67.95,1009.93,0.000000,0.000000,0.00,0,1,0.9368,-0.1714,0.5813,1.3511,1.5649,0.2137,1.116,0,DISABLED,7
26.602,29.06,67.96,1009.92,0.000000,0.000000,0.00,0,1,0.9460,-0.1838,0.5847,0.6870,1.7786,0.7176,1.127,0,DISABLED,7
26.752,29.07,67.96,1009.93,0.000000,0.000000,0.00,0,1,0.9448,-0.1758,0.5740,1.8702,1.3893,-0.1450,1.119,0,DISABLED,7
26.834,29.08,67.96,1009.96,0.000000,0.000000,0.00,0,1,0.9470,-0.1743,0.5886,1.8931,1.2672,-0.0839,1.129,0,DISABLED,7
26.950,29.08,67.92,1009.92,0.000000,0.000000,0.00,0,1,0.9407,-0.1770,0.5808,1.1374,1.5420,0.2901,1.120,0,DISABLED,7
27.004,29.08,67.96,1009.94,0.000000,0.000000,0.00,0,1,0.9358,-0.1809,0.5876,1.1450,1.5573,0.6336,1.120,0,DISABLED,7
27.086,29.06,67.95,1009.89,0.000000,0.000000,0.00,0,1,0.9358,-0.1821,0.5830,1.1679,1.6794,0.3435,1.117,0,DISABLED,7
27.168,29.07,67.95,1009.92,0.000000,0.000000,0.00,0,1,0.9412,-0.1758,0.5823,1.1374,1.6870,0.2977,1.121,0,DISABLED,7
27.222,29.07,67.95,1009.92,0.000000,0.000000,0.00,0,1,0.9419,-0.1807,0.5801,1.2748,1.4580,0.3511,1.121,0,DISABLED,7
27.281,29.05,67.95,1009.89,0.000000,0.000000,0.00,0,1,0.9504,-0.1812,0.5754,1.1374,1.6641,0.4733,1.126,0,DISABLED,7
27.364,29.07,67.95,1009.93,0.000000,0.000000,0.00,0,1,0.9426,-0.1865,0.5852,1.4122,1.6107,0.2901,1.125,0,DISABLED,7
27.481,29.06,67.95,1009.89,0.000000,0.000000,0.00,0,1,0.9426,-0.1748,0.5776,1.2519,1.7023,0.1985,1.119,0,DISABLED,7
27.535,29.06,67.95,1009.89,0.000000,0.000000,0.00,0,1,0.9377,-0.1838,0.5798,1.4427,1.5115,0.2748,1.118,0,DISABLED,7
28.488,29.09,67.96,1009.94,0.000000,0.000000,0.00,0,1,0.9521,-0.1777,0.5701,1.2595,1.8015,0.2443,1.124,0,DISABLED,8
28.583,29.08,67.94,1009.92,0.000000,0.000000,0.00,0,1,0.9470,-0.1736,0.5791,3.1298,1.1298,-0.9466,1.124,0,DISABLED,8
28.638,29.09,67.97,1009.91,0.000000,0.000000,0.00,0,1,0.9429,-0.1736,0.5762,2.2824,1.5420,-0.3893,1.119,0,DISABLED,8
28.700,29.09,67.97,1009.91,0.000000,0.000000,0.00,0,1,0.9397,-0.1785,0.5803,1.3435,1.8092,0.3588,1.119,0,DISABLED,8
28.758,29.07,67.96,1009.91,0.000000,0.000000,0.00,0,1,0.9404,-0.1792,0.5774,0.3435,1.7557,1.2061,1.118,0,DISABLED,8
28.841,29.09,67.96,1009.91,0.000000,0.000000,0.00,0,1,0.9448,-0.1763,0.5789,0.5344,1.7634,0.9618,1.122,0,DISABLED,8
28.950,29.07,67.96,1009.87,0.000000,0.000000,0.00,0,1,0.9500,-0.1768,0.5791,2.2061,1.4427,-0.6641,1.127,0,DISABLED,8
29.005,29.07,67.96,1009.87,0.000000,0.000000,0.00,0,1,0.9497,-0.1763,0.5815,2.7252,1.2748,-0.9389,1.127,0,DISABLED,8
29.067,29.09,67.99,1009.91,0.000000,0.000000,0.00,0,1,0.9419,-0.1790,0.5742,2.5573,1.3053,-0.4809,1.118,0,DISABLED,8
29.124,29.08,67.96,1009.89,0.000000,0.000000,0.00,0,1,0.9441,-0.1692,0.5864,1.6336,1.5344,-0.0534,1.124,0,DISABLED,8
29.245,29.09,67.96,1009.90,0.000000,0.000000,0.00,0,1,0.9402,-0.1797,0.5796,0.8168,1.7710,0.5420,1.119,0,DISABLED,8
29.361,29.09,67.97,1009.92,0.000000,0.000000,0.00,0,1,0.9407,-0.1785,0.5767,1.6489,1.4962,-0.0610,1.118,0,DISABLED,8
29.415,29.10,67.93,1009.93,0.000000,0.000000,0.00,0,1,0.9446,-0.1753,0.5815,1.4504,1.7099,0.2366,1.123,0,DISABLED,8
29.475,29.10,67.93,1009.93,0.000000,0.000000,0.00,0,1,0.9453,-0.1802,0.5764,0.6412,1.8550,0.5573,1.122,0,DISABLED,8
29.595,29.08,67.95,1009.94,0.000000,0.000000,0.00,0,1,0.9412,-0.1772,0.5798,1.4427,1.7176,0.1603,1.120,0,DISABLED,8
29.744,29.10,67.96,1009.94,0.000000,0.000000,0.00,0,1,0.9453,-0.1807,0.5781,2.0000,1.4122,-0.1908,1.123,0,DISABLED,8
29.839,29.10,67.96,1009.94,0.000000,0.000000,0.00,0,1,0.9358,-0.1772,0.5842,1.2901,1.5344,0.1145,1.117,0,DISABLED,8
29.920,29.11,67.96,1009.94,0.000000,0.000000,0.00,0,1,0.9375,-0.1768,0.5764,1.5878,1.4809,0.2595,1.115,0,DISABLED,8
29.974,29.11,67.96,1009.94,0.000000,0.000000,0.00,0,1,0.9424,-0.1797,0.5784,1.9008,1.5496,-0.2290,1.120,0,DISABLED,8
30.034,29.09,67.93,1009.90,0.000000,0.000000,0.00,0,1,0.9377,-0.1860,0.5786,1.2061,1.8244,0.6031,1.117,0,DISABLED,8
30.117,29.09,67.95,1009.90,0.000000,0.000000,0.00,0,1,0.9351,-0.1816,0.5823,1.3588,1.7481,0.4198,1.116,0,DISABLED,8
30.171,29.09,67.95,1009.90,0.000000,0.000000,0.00,0,1,0.9500,-0.1780,0.5784,0.0610,1.7252,1.2061,1.126,0,DISABLED,8
30.254,29.08,67.96,1009.90,0.000000,0.000000,0.00,0,1,0.9429,-0.1831,0.5713,1.9084,1.4580,-0.6870,1.118,0,DISABLED,8
30.404,29.11,67.94,1009.96,0.000000,0.000000,0.00,0,1,0.9419,-0.1724,0.5850,2.8931,1.0611,-1.0153,1.122,0,DISABLED,8
30.485,29.11,67.94,1009.96,0.000000,0.000000,0.00,0,1,0.9409,-0.1819,0.5835,2.3282,1.5191,-0.5725,1.122,0,DISABLED,8
30.540,29.10,67.94,1009.93,0.000000,0.000000,0.00,0,1,0.9424,-0.1797,0.5825,0.8473,1.6794,0.8244,1.122,0,DISABLED,8
30.636,29.08,67.91,1009.90,0.000000,0.000000,0.00,0,1,0.9480,-0.1794,0.5791,-0.3893,2.0382,1.7557,1.125,0,DISABLED,8
30.733,29.11,67.94,1009.96,0.000000,0.000000,0.00,0,1,0.9419,-0.1741,0.5759,1.8931,1.3740,-0.4656,1.118,0,DISABLED,9
30.790,29.11,67.93,1009.93,0.000000,0.000000,0.00,0,1,0.9468,-0.1750,0.5791,3.1527,1.0076,-1.2824,1.124,0,DISABLED,9
30.849,29.11,67.93,1009.93,0.000000,0.000000,0.00,0,1,0.9448,-0.1824,0.5781,2.9237,1.2901,-0.9618,1.123,0,DISABLED,9
30.906,29.09,67.89,1009.89,0.000000,0.000000,0.00,0,1,0.9397,-0.1804,0.5859,1.4962,1.6718,0.2366,1.122,0,DISABLED,9
30.965,29.09,67.89,1009.89,0.000000,0.000000,0.00,0,1,0.9348,-0.1790,0.5806,0.0229,2.0076,1.1069,1.115,0,DISABLED,9
31.025,29.11,67.95,1009.91,0.000000,0.000000,0.00,0,1,0.9531,-0.1855,0.5808,0.2443,1.9389,1.0687,1.131,0,DISABLED,9
31.085,29.11,67.92,1009.90,0.000000,0.000000,0.00,0,1,0.9470,-0.1843,0.5732,2.0000,1.4046,-0.3206,1.122,0,DISABLED,9
31.144,29.11,67.92,1009.90,0.000000,0.000000,0.00,0,1,0.9453,-0.1797,0.5808,3.7786,0.9924,-1.8244,1.124,0,DISABLED,9
31.203,29.10,67.90,1009.89,0.000000,0.000000,0.00,0,1,0.9495,-0.1787,0.5796,5.0763,0.6641,-3.0687,1.127,0,DISABLED,9
31.262,29.10,67.90,1009.89,0.000000,0.000000,0.00,0,1,0.9529,-0.1846,0.5759,8.9389,-0.6107,-6.0916,1.129,0,DISABLED,9
31.323,29.10,67.93,1009.89,0.000000,0.000000,0.00,0,1,0.9443,-0.1868,0.5752,10.1374,-0.8855,-6.6947,1.121,0,DISABLED,9
31.444,29.11,67.88,1009.91,0.000000,0.000000,0.00,0,1,0.9377,-0.1838,0.5869,2.7176,1.2977,-0.7710,1.121,0,DISABLED,9
31.525,29.12,67.91,1009.92,0.000000,0.000000,0.00,0,1,0.9248,-0.1882,0.5842,-3.2519,2.7099,3.5267,1.110,0,DISABLED,9
31.579,29.12,67.89,1009.93,0.000000,0.000000,0.00,0,1,0.9451,-0.1868,0.5828,-5.5267,3.3588,5.2061,1.126,0,DISABLED,9
31.641,29.12,67.89,1009.93,0.000000,0.000000,0.00,0,1,0.9480,-0.1912,0.5730,-2.0076,2.4351,3.1527,1.124,0,DISABLED,9
31.761,29.11,67.88,1009.90,0.000000,0.000000,0.00,0,1,0.9404,-0.1812,0.5730,-1.7023,2.2290,2.5344,1.116,0,DISABLED,9
31.870,29.09,67.89,1009.88,0.000000,0.000000,0.00,0,1,0.9485,-0.1873,0.5837,-0.5038,2.0763,1.7863,1.129,0,DISABLED,9
31.952,29.09,67.89,1009.88,0.000000,0.000000,0.00,0,1,0.9446,-0.1851,0.5781,-0.5496,1.8626,2.0153,1.123,0,DISABLED,9
32.054,29.10,67.89,1009.91,0.000000,0.000000,0.00,0,1,0.9429,-0.1794,0.5818,-2.8397,2.4351,3.1832,1.122,0,DISABLED,9
32.149,29.10,67.89,1009.90,0.000000,0.000000,0.00,0,1,0.9438,-0.1780,0.5825,-3.5420,2.7786,4.7557,1.123,0,DISABLED,9
32.251,29.10,67.85,1009.89,0.000000,0.000000,0.00,0,1,0.9390,-0.1777,0.5801,-2.8473,2.6412,4.2595,1.118,0,DISABLED,9
32.354,29.10,67.86,1009.87,0.000000,0.000000,0.00,0,1,0.9441,-0.1777,0.5774,3.5496,0.9389,-1.5496,1.121,0,DISABLED,9
32.436,29.10,67.86,1009.87,0.000000,0.000000,0.00,0,1,0.9441,-0.1772,0.5757,8.8779,-0.7710,-5.6260,1.120,0,DISABLED,9
32.781,29.13,67.87,1009.93,0.000000,0.000000,0.00,0,1,0.9512,-0.1768,0.5759,4.8244,0.5344,-2.0763,1.126,0,DISABLED,9
32.835,29.13,67.86,1009.94,0.000000,0.000000,0.00,0,1,0.9375,-0.1833,0.5776,3.9008,0.7405,-2.2519,1.116,0,DISABLED,9
32.918,29.13,67.86,1009.94,0.000000,0.000000,0.00,0,1,0.9363,-0.1785,0.5815,4.2672,0.9237,-2.0916,1.117,0,DISABLED,9
33.013,29.12,67.88,1009.91,0.000000,0.000000,0.00,0,1,0.9358,-0.1816,0.5811,1.6107,1.4427,-0.1450,1.116,0,DISABLED,9
33.095,29.13,67.86,1009.96,0.000000,0.000000,0.00,0,1,0.9438,-0.1804,0.5854,-1.0076,2.1985,1.9618,1.125,0,DISABLED,9
33.150,29.14,67.89,1009.93,0.000000,0.000000,0.00,0,1,0.9529,-0.1858,0.5857,-2.8321,2.6183,3.8702,1.134,0,DISABLED,9
33.246,29.11,67.88,1009.90,0.000000,0.000000,0.00,0,1,0.9424,-0.1846,0.5752,-2.4885,2.5115,2.9160,1.119,0,DISABLED,9
33.301,29.11,67.88,1009.90,0.000000,0.000000,0.00,0,1,0.9512,-0.1797,0.5767,0.6641,1.8626,1.0305,1.127,0,DISABLED,9
33.360,29.12,67.84,1009.91,0.000000,0.000000,0.00,0,1,0.9446,-0.1804,0.5811,3.9008,0.9695,-1.9084,1.124,0,DISABLED,9
33.421,29.12,67.86,1009.90,0.000000,0.000000,0.00,0,1,0.9409,-0.1729,0.5830,4.5420,0.8168,-1.9466,1.120,0,DISABLED,9
33.479,29.12,67.86,1009.90,0.000000,0.000000,0.00,0,1,0.9453,-0.1829,0.5835,1.7252,1.5115,-0.3588,1.126,0,DISABLED,9
33.540,29.13,67.85,1009.90,0.000000,0.000000,0.00,0,1,0.9429,-0.1743,0.5784,-0.6412,1.8931,1.9924,1.120,0,DISABLED,9
33.661,29.12,67.86,1009.89,0.000000,0.000000,0.00,0,1,0.9480,-0.1785,0.5793,0.3664,1.6336,1.2366,1.125,0,DISABLED,9
33.715,29.15,67.84,1009.96,0.000000,0.000000,0.00,0,1,0.9377,-0.1765,0.5771,2.5344,1.1756,-0.9618,1.115,0,DISABLED,10
33.800,29.15,67.84,1009.96,0.000000,0.000000,0.00,0,1,0.9487,-0.1814,0.5752,2.4046,1.2901,-0.7328,1.124,0,DISABLED,10
33.856,29.15,67.81,1009.94,0.000000,0.000000,0.00,0,1,0.9438,-0.1814,0.5830,1.5344,1.4275,-0.1527,1.124,0,DISABLED,10
33.915,29.12,67.85,1009.86,0.000000,0.000000,0.00,0,1,0.9529,-0.1863,0.5837,0.9618,1.8168,0.7634,1.133,0,DISABLED,10
33.972,29.12,67.85,1009.86,0.000000,0.000000,0.00,0,1,0.9436,-0.1772,0.5796,1.0229,1.5802,0.5954,1.121,0,DISABLED,10
34.031,29.13,67.84,1009.90,0.000000,0.000000,0.00,0,1,0.9441,-0.1755,0.5784,1.7786,1.4198,0.0305,1.121,0,DISABLED,10
34.091,29.13,67.84,1009.90,0.000000,0.000000,0.00,0,1,0.9463,-0.1865,0.5837,1.8168,1.4809,0.0458,1.127,0,DISABLED,10
34.150,29.14,67.87,1009.90,0.000000,0.000000,0.00,0,1,0.9470,-0.1826,0.5850,1.3282,1.4885,0.2977,1.128,0,DISABLED,10
34.210,29.13,67.82,1009.87,0.000000,0.000000,0.00,0,1,0.9421,-0.1804,0.5830,0.5115,1.9084,0.8702,1.123,0,DISABLED,10
34.269,29.13,67.82,1009.87,0.000000,0.000000,0.00,0,1,0.9358,-0.1753,0.5791,0.5420,1.7557,0.9389,1.114,0,DISABLED,10
34.359,29.14,67.79,1009.90,0.000000,0.000000,0.00,0,1,0.9453,-0.1807,0.5771,1.5267,1.4198,-0.0305,1.122,0,DISABLED,10
34.484,29.15,67.81,1009.93,0.000000,0.000000,0.00,0,1,0.9397,-0.1814,0.5796,1.8397,1.3282,-0.1603,1.119,0,DISABLED,10
34.565,29.15,67.80,1009.94,0.000000,0.000000,0.00,0,1,0.9438,-0.1755,0.5803,0.4351,1.9160,0.9008,1.122,0,DISABLED,10
34.682,29.15,67.80,1009.95,0.000000,0.000000,0.00,0,1,0.9412,-0.1804,0.5786,0.6412,1.6336,1.0229,1.119,0,DISABLED,10
34.763,29.15,67.78,1009.95,0.000000,0.000000,0.00,0,1,0.9431,-0.1824,0.5811,1.6183,1.4046,0.1985,1.123,0,DISABLED,10
34.845,29.15,67.79,1009.94,0.000000,0.000000,0.00,0,1,0.9431,-0.1790,0.5767,1.8168,1.5878,-0.2214,1.120,0,DISABLED,10
34.899,29.15,67.82,1009.95,0.000000,0.000000,0.00,0,1,0.9390,-0.1836,0.5806,1.4046,1.6794,-0.0152,1.119,0,DISABLED,10
35.002,29.13,67.80,1009.88,0.000000,0.000000,0.00,0,1,0.9495,-0.1753,0.5776,1.2595,1.5649,0.2901,1.125,0,DISABLED,10
35.056,29.13,67.80,1009.88,0.000000,0.000000,0.00,0,1,0.9409,-0.1838,0.5769,1.6565,1.5191,-0.3206,1.119,0,DISABLED,10
35.146,29.13,67.79,1009.94,0.000000,0.000000,0.00,0,1,0.9507,-0.1824,0.5771,2.6870,1.2290,-0.8473,1.127,0,DISABLED,10
35.228,29.16,67.79,1009.94,0.000000,0.000000,0.00,0,1,0.9431,-0.1794,0.5811,2.6489,1.3511,-1.0153,1.122,0,DISABLED,10
35.282,29.16,67.79,1009.93,0.000000,0.000000,0.00,0,1,0.9397,-0.1807,0.5786,2.5344,1.3969,-0.6947,1.118,0,DISABLED,10
35.344,29.16,67.79,1009.93,0.000000,0.000000,0.00,0,1,0.9426,-0.1814,0.5806,2.2519,1.3588,-0.3435,1.122,0,DISABLED,10
35.402,29.13,67.79,1009.90,0.000000,0.000000,0.00,0,1,0.9446,-0.1904,0.5847,2.0076,1.5344,-0.2824,1.127,0,DISABLED,10
35.523,29.15,67.79,1009.92,0.000000,0.000000,0.00,0,1,0.9373,-0.1802,0.5830,0.6947,1.7252,0.8779,1.118,0,DISABLED,10
35.605,29.16,67.79,1009.93,0.000000,0.000000,0.00,0,1,0.9509,-0.1777,0.5752,-0.0152,1.9618,1.1756,1.125,0,DISABLED,10
35.659,29.16,67.79,1009.93,0.000000,0.000000,0.00,0,1,0.9409,-0.1807,0.5752,0.3817,1.8626,0.9237,1.118,0,DISABLED,10
35.719,29.16,67.78,1009.94,0.000000,0.000000,0.00,0,1,0.9458,-0.1772,0.5813,1.4198,1.5725,0.4351,1.124,0,DISABLED,10
35.779,29.15,67.78,1009.91,0.000000,0.000000,0.00,0,1,0.9468,-0.1787,0.5791,1.3817,1.5038,0.0916,1.124,0,DISABLED,10
35.885,29.15,67.78,1009.95,0.000000,0.000000,0.00,0,1,0.9446,-0.1753,0.5784,0.0763,1.9695,1.1298,1.121,0,DISABLED,10
35.981,29.15,67.78,1009.93,0.000000,0.000000,0.00,0,1,0.9446,-0.1819,0.5818,-1.1069,2.1908,2.4046,1.124,0,DISABLED,10
36.035,29.15,67.78,1009.93,0.000000,0.000000,0.00,0,1,0.9531,-0.1746,0.5776,-0.5191,1.8626,1.8321,1.128,0,DISABLED,10
36.095,29.15,67.76,1009.92,0.000000,0.000000,0.00,0,1,0.9563,-0.1799,0.5730,1.7252,1.5267,0.1298,1.129,0,DISABLED,10
36.155,29.15,67.76,1009.90,0.000000,0.000000,0.00,0,1,0.9375,-0.1804,0.5808,3.8168,0.9771,-1.9237,1.117,0,DISABLED,10
36.239,29.17,67.78,1009.95,0.000000,0.000000,0.00,0,1,0.9443,-0.1814,0.5789,2.0305,1.3969,-0.4275,1.122,0,DISABLED,10
36.320,29.17,67.78,1009.95,0.000000,0.000000,0.00,0,1,0.9373,-0.1838,0.5818,1.9313,1.4275,-0.2137,1.118,0,DISABLED,10
36.374,29.17,67.75,1009.94,0.000000,0.000000,0.00,0,1,0.9453,-0.1860,0.5769,0.7710,1.5115,0.7786,1.123,0,DISABLED,10
36.780,29.17,67.75,1009.94,0.000000,0.000000,0.00,0,1,0.9412,-0.1726,0.5815,1.3969,1.6870,0.0152,1.120,0,DISABLED,11
36.836,29.17,67.75,1009.94,0.000000,0.000000,0.00,0,1,0.9431,-0.1770,0.5786,0.5878,1.8473,0.7176,1.121,0,DISABLED,11
36.895,29.16,67.75,1009.93,0.000000,0.000000,0.00,0,1,0.9470,-0.1792,0.5771,0.9008,1.8168,0.4962,1.123,0,DISABLED,11
36.952,29.14,67.75,1009.90,0.000000,0.000000,0.00,0,1,0.9502,-0.1843,0.5771,2.1527,1.4427,-0.3588,1.127,0,DISABLED,11
37.012,29.14,67.75,1009.90,0.000000,0.000000,0.00,0,1,0.9470,-0.1833,0.5808,2.5420,1.2748,-0.5420,1.126,0,DISABLED,11
37.071,29.16,67.72,1009.90,0.000000,0.000000,0.00,0,1,0.9397,-0.1831,0.5811,2.6565,1.2137,-0.5878,1.120,0,DISABLED,11
37.131,29.16,67.72,1009.90,0.000000,0.000000,0.00,0,1,0.9363,-0.1782,0.5833,1.8855,1.6031,-0.1756,1.117,0,DISABLED,11
37.190,29.16,67.73,1009.92,0.000000,0.000000,0.00,0,1,0.9429,-0.1792,0.5791,1.2061,1.6489,0.3359,1.121,0,DISABLED,11
37.249,29.16,67.72,1009.88,0.000000,0.000000,0.00,0,1,0.9495,-0.1775,0.5781,1.0000,1.5344,0.3664,1.126,0,DISABLED,11
37.370,29.16,67.72,1009.88,0.000000,0.000000,0.00,0,1,0.9417,-0.1748,0.5740,1.4275,1.4046,-0.1603,1.117,0,DISABLED,11
37.425,29.16,67.72,1009.88,0.000000,0.000000,0.00,0,1,0.9417,-0.1792,0.5779,2.2443,1.2672,-0.7557,1.119,0,DISABLED,11
37.487,29.18,67.74,1009.93,0.000000,0.000000,0.00,0,1,0.9465,-0.1787,0.5796,2.3282,1.2290,-0.4885,1.124,0,DISABLED,11
37.545,29.16,67.70,1009.92,0.000000,0.000000,0.00,0,1,0.9492,-0.1750,0.5769,2.0992,1.1832,-0.4275,1.124,0,DISABLED,11
37.606,29.16,67.70,1009.92,0.000000,0.000000,0.00,0,1,0.9470,-0.1816,0.5747,1.3282,1.7176,0.2824,1.123,0,DISABLED,11
37.664,29.17,67.69,1009.91,0.000000,0.000000,0.00,0,1,0.9390,-0.1775,0.5747,0.6870,1.6794,0.7557,1.115,0,DISABLED,11
37.724,29.17,67.73,1009.92,0.000000,0.000000,0.00,0,1,0.9468,-0.1816,0.5745,0.4046,1.8015,0.8244,1.122,0,DISABLED,11
37.782,29.17,67.73,1009.92,0.000000,0.000000,0.00,0,1,0.9443,-0.1785,0.5818,0.4733,1.8244,1.0153,1.123,0,DISABLED,11
37.840,29.16,67.71,1009.88,0.000000,0.000000,0.00,0,1,0.9346,-0.1768,0.5728,0.5191,1.6718,1.0305,1.110,0,DISABLED,11
37.932,29.17,67.70,1009.88,0.000000,0.000000,0.00,0,1,0.9431,-0.1831,0.5845,0.1832,1.7328,1.2137,1.125,0,DISABLED,11
38.035,29.17,67.69,1009.90,0.000000,0.000000,0.00,0,1,0.9500,-0.1890,0.5833,1.5573,1.5496,0.3664,1.131,0,DISABLED,11
38.117,29.17,67.68,1009.92,0.000000,0.000000,0.00,0,1,0.9500,-0.1760,0.5803,1.5802,1.5802,-0.0839,1.127,0,DISABLED,11
38.171,29.17,67.68,1009.92,0.000000,0.000000,0.00,0,1,0.9417,-0.1794,0.5842,1.9847,1.2748,-0.3359,1.123,0,DISABLED,11
38.233,29.16,67.69,1009.90,0.000000,0.000000,0.00,0,1,0.9490,-0.1851,0.5830,2.1374,1.3053,-0.5267,1.129,0,DISABLED,11
38.291,29.16,67.69,1009.90,0.000000,0.000000,0.00,0,1,0.9370,-0.1794,0.5808,1.8168,1.2977,-0.3664,1.117,0,DISABLED,11
38.351,29.17,67.67,1009.92,0.000000,0.000000,0.00,0,1,0.9329,-0.1799,0.5803,1.8244,1.2519,0.0687,1.113,0,DISABLED,11
38.411,29.18,67.69,1009.89,0.000000,0.000000,0.00,0,1,0.9478,-0.1794,0.5779,1.8473,1.4351,-0.0763,1.124,0,DISABLED,11
38.500,29.18,67.69,1009.89,0.000000,0.000000,0.00,0,1,0.9419,-0.1772,0.5808,1.0076,1.5038,0.3893,1.121,0,DISABLED,11
38.554,29.18,67.71,1009.90,0.000000,0.000000,0.00,0,1,0.9365,-0.1777,0.5784,0.6718,1.6641,0.7710,1.115,0,DISABLED,11
38.644,29.16,67.68,1009.88,0.000000,0.000000,0.00,0,1,0.9470,-0.1768,0.5835,0.6489,1.8244,1.3664,1.126,0,DISABLED,11
38.739,29.19,67.70,1009.91,0.000000,0.000000,0.00,0,1,0.9482,-0.1748,0.5698,1.2977,1.5573,0.2519,1.120,0,DISABLED,11
38.842,29.19,67.71,1009.90,0.000000,0.000000,0.00,0,1,0.9492,-0.1780,0.5833,1.3282,1.5878,0.3893,1.128,0,DISABLED,11
38.923,29.20,67.70,1009.92,0.000000,0.000000,0.00,0,1,0.9451,-0.1787,0.5820,1.3359,1.8473,0.3435,1.124,0,DISABLED,11
38.978,29.20,67.70,1009.92,0.000000,0.000000,0.00,0,1,0.9355,-0.1802,0.5752,1.5038,1.5191,0.2748,1.113,0,DISABLED,11
39.038,29.18,67.68,1009.91,0.000000,0.000000,0.00,0,1,0.9460,-0.1790,0.5762,1.8473,1.3969,-0.3740,1.122,0,DISABLED,11
39.098,29.17,67.70,1009.86,0.000000,0.000000,0.00,0,1,0.9475,-0.1748,0.5803,1.9695,1.2290,-0.1298,1.125,0,DISABLED,11
39.182,29.17,67.70,1009.86,0.000000,0.000000,0.00,0,1,0.9473,-0.1843,0.5808,1.6870,1.5802,0.0610,1.126,0,DISABLED,11
39.269,29.20,67.69,1009.92,0.000000,0.000000,0.00,0,1,0.9487,-0.1824,0.5867,0.9618,1.5344,0.6412,1.130,0,DISABLED,11
39.324,29.20,67.70,1009.93,0.000000,0.000000,0.00,0,1,0.9451,-0.1853,0.5789,1.0382,1.7557,0.4809,1.124,0,DISABLED,11
39.383,29.20,67.67,1009.88,0.000000,0.000000,0.00,0,1,0.9500,-0.1753,0.5715,1.3664,1.5038,0.2366,1.122,0,DISABLED,11
39.444,29.18,67.66,1009.88,0.000000,0.000000,0.00,0,1,0.9421,-0.1829,0.5806,1.5649,1.4656,0.0687,1.122,0,DISABLED,11
39.502,29.19,67.71,1009.90,0.000000,0.000000,0.00,0,1,0.9495,-0.1733,0.5825,1.3359,1.5573,0.0610,1.127,0,DISABLED,11
39.560,29.19,67.71,1009.90,0.000000,0.000000,0.00,0,1,0.9399,-0.1831,0.5803,0.7023,1.7939,0.9695,1.120,0,DISABLED,11
39.620,29.19,67.68,1009.90,0.000000,0.000000,0.00,0,1,0.9500,-0.1733,0.5781,0.2595,1.9084,1.3588,1.125,0,DISABLED,11
39.678,29.19,67.69,1009.91,0.000000,0.000000,0.00,0,1,0.9414,-0.1790,0.5750,0.1603,1.7023,1.0305,1.118,0,DISABLED,11
39.739,29.18,67.69,1009.90,0.000000,0.000000,0.00,0,1,0.9470,-0.1743,0.5732,2.8244,1.1603,-0.6183,1.121,0,DISABLED,12
39.822,29.18,67.69,1009.90,0.000000,0.000000,0.00,0,1,0.9478,-0.1794,0.5806,2.8626,1.0000,-0.8015,1.126,0,DISABLED,12
39.872,29.18,67.69,1009.92,0.000000,0.000000,0.00,0,1,0.9402,-0.1836,0.5789,2.3511,1.3130,-0.6641,1.119,0,DISABLED,12
39.931,29.21,67.69,1009.92,0.000000,0.000000,0.00,0,1,0.9397,-0.1768,0.5791,1.1069,1.5649,0.4656,1.118,0,DISABLED,12
39.990,29.18,67.70,1009.87,0.000000,0.000000,0.00,0,1,0.9387,-0.1838,0.5754,0.6870,1.7405,0.5878,1.116,0,DISABLED,12
40.050,29.18,67.70,1009.87,0.000000,0.000000,0.00,0,1,0.9495,-0.1782,0.5774,1.2824,1.7786,0.0610,1.125,0,DISABLED,12
40.610,29.21,67.68,1009.92,0.000000,0.000000,0.00,0,1,0.9575,-0.1790,0.5757,2.9466,1.0916,-1.0840,1.131,0,DISABLED,12
40.706,29.21,67.68,1009.95,0.000000,0.000000,0.00,0,1,0.9426,-0.1841,0.5835,2.1756,1.3130,-0.1298,1.124,0,DISABLED,12
40.760,29.21,67.66,1009.91,0.000000,0.000000,0.00,0,1,0.9456,-0.1772,0.5798,1.0382,1.6641,0.6641,1.123,0,DISABLED,12
40.820,29.21,67.66,1009.91,0.000000,0.000000,0.00,0,1,0.9456,-0.1787,0.5813,0.6336,1.6794,0.4809,1.124,0,DISABLED,12
40.880,29.19,67.69,1009.89,0.000000,0.000000,0.00,0,1,0.9426,-0.1799,0.5796,0.6260,1.7023,1.0153,1.121,0,DISABLED,12
40.938,29.19,67.69,1009.89,0.000000,0.000000,0.00,0,1,0.9458,-0.1709,0.5781,0.3588,1.8168,1.1069,1.122,0,DISABLED,12
40.996,29.21,67.67,1009.91,0.000000,0.000000,0.00,0,1,0.9500,-0.1819,0.5703,2.3359,0.9618,-0.5802,1.123,0,DISABLED,12
41.078,29.21,67.67,1009.91,0.000000,0.000000,0.00,0,1,0.9397,-0.1797,0.5779,2.6718,1.1679,-0.8931,1.118,0,DISABLED,12
41.132,29.21,67.67,1009.91,0.000000,0.000000,0.00,0,1,0.9490,-0.1812,0.5754,3.0687,1.0763,-1.3206,1.124,0,DISABLED,12
41.190,29.20,67.71,1009.88,0.000000,0.000000,0.00,0,1,0.9441,-0.1848,0.5825,2.7481,1.2519,-1.0000,1.125,0,DISABLED,12
41.251,29.20,67.71,1009.90,0.000000,0.000000,0.00,0,1,0.9517,-0.1724,0.5828,2.0076,1.3206,-0.3969,1.129,0,DISABLED,12
41.308,29.20,67.71,1009.90,0.000000,0.000000,0.00,0,1,0.9478,-0.1882,0.5806,1.1527,1.5573,0.3359,1.127,0,DISABLED,12
41.369,29.20,67.66,1009.89,0.000000,0.000000,0.00,0,1,0.9458,-0.1814,0.5818,0.4733,1.8931,0.6260,1.125,0,DISABLED,12
41.427,29.20,67.66,1009.89,0.000000,0.000000,0.00,0,1,0.9434,-0.1794,0.5801,0.8168,1.7710,0.6031,1.122,0,DISABLED,12
41.533,29.22,67.65,1009.90,0.000000,0.000000,0.00,0,1,0.9431,-0.1790,0.5752,0.1832,1.8244,1.3206,1.119,0,DISABLED,12
41.587,29.22,67.66,1009.90,0.000000,0.000000,0.00,0,1,0.9468,-0.1804,0.5752,0.4733,1.9160,1.0458,1.122,0,DISABLED,12
41.683,29.20,67.68,1009.87,0.000000,0.000000,0.00,0,1,0.9482,-0.1729,0.5752,2.3359,1.3206,-0.2061,1.122,0,DISABLED,12
41.772,29.23,67.65,1009.93,0.000000,0.000000,0.00,0,1,0.9507,-0.1792,0.5784,2.5725,1.2519,-0.7405,1.127,0,DISABLED,12
41.826,29.23,67.65,1009.91,0.000000,0.000000,0.00,0,1,0.9456,-0.1797,0.5823,2.3511,1.3359,-0.5496,1.125,0,DISABLED,12
41.886,29.23,67.63,1009.87,0.000000,0.000000,0.00,0,1,0.9431,-0.1802,0.5837,1.3588,1.7710,0.3435,1.124,0,DISABLED,12
41.969,29.20,67.65,1009.87,0.000000,0.000000,0.00,0,1,0.9473,-0.1860,0.5859,1.0382,1.5344,0.3969,1.129,0,DISABLED,12
42.065,29.23,67.64,1009.91,0.000000,0.000000,0.00,0,1,0.9414,-0.1763,0.5774,-1.4504,2.1908,2.6031,1.118,0,DISABLED,12
42.160,29.23,67.63,1009.91,0.000000,0.000000,0.00,0,1,0.9514,-0.1870,0.5820,-0.4351,2.0992,1.4885,1.131,0,DISABLED,12
42.214,29.23,67.63,1009.91,0.000000,0.000000,0.00,0,1,0.9414,-0.1748,0.5745,0.9847,1.7176,0.6336,1.117,0,DISABLED,12
42.274,29.23,67.62,1009.91,0.000000,0.000000,0.00,0,1,0.9480,-0.1748,0.5791,1.7939,1.4198,-0.2137,1.125,0,DISABLED,12
42.394,29.21,67.62,1009.88,0.000000,0.000000,0.00,0,1,0.9456,-0.1738,0.5796,2.8092,1.2748,-0.7023,1.123,0,DISABLED,12
42.449,29.24,67.62,1009.93,0.000000,0.000000,0.00,0,1,0.9387,-0.1821,0.5801,1.7634,1.3206,0.0152,1.118,0,DISABLED,12
42.532,29.21,67.61,1009.88,0.000000,0.000000,0.00,0,1,0.9478,-0.1785,0.5786,1.2519,1.6031,0.4809,1.125,0,DISABLED,12
42.586,29.21,67.61,1009.88,0.000000,0.000000,0.00,0,1,0.9446,-0.1799,0.5750,1.5649,1.5191,0.0534,1.120,0,DISABLED,12
42.646,29.22,67.60,1009.89,0.000000,0.000000,0.00,0,1,0.9426,-0.1833,0.5774,1.8855,1.4962,-0.4962,1.121,0,DISABLED,12
42.707,29.22,67.62,1009.88,0.000000,0.000000,0.00,0,1,0.9431,-0.1721,0.5793,1.5878,1.6412,0.1679,1.120,0,DISABLED,12
42.765,29.22,67.62,1009.88,0.000000,0.000000,0.00,0,1,0.9429,-0.1770,0.5845,0.6489,1.7099,0.7557,1.123,0,DISABLED,12
42.861,29.22,67.61,1009.90,0.000000,0.000000,0.00,0,1,0.9436,-0.1787,0.5786,-0.3435,2.2519,1.6489,1.121,0,DISABLED,13
42.917,29.25,67.62,1009.92,0.000000,0.000000,0.00,0,1,0.9451,-0.1790,0.5771,-0.3282,2.0916,1.5573,1.122,0,DISABLED,13
42.971,29.25,67.62,1009.92,0.000000,0.000000,0.00,0,1,0.9358,-0.1746,0.5811,0.9695,1.7023,0.7176,1.115,0,DISABLED,13
43.031,29.22,67.63,1009.89,0.000000,0.000000,0.00,0,1,0.9490,-0.1750,0.5747,2.2748,1.4580,-0.3969,1.123,0,DISABLED,13
43.090,29.22,67.63,1009.89,0.000000,0.000000,0.00,0,1,0.9526,-0.1714,0.5801,3.2595,1.1221,-1.6489,1.128,0,DISABLED,13
43.150,29.23,67.63,1009.90,0.000000,0.000000,0.00,0,1,0.9448,-0.1809,0.5823,3.2366,1.1221,-1.1985,1.124,0,DISABLED,13
43.209,29.24,67.60,1009.92,0.000000,0.000000,0.00,0,1,0.9414,-0.1658,0.5815,1.6718,1.4275,-0.1069,1.119,0,DISABLED,13
43.269,29.24,67.60,1009.92,0.000000,0.000000,0.00,0,1,0.9431,-0.1848,0.5837,0.2061,1.8855,1.0534,1.124,0,DISABLED,13
43.328,29.23,67.60,1009.91,0.000000,0.000000,0.00,0,1,0.9470,-0.1772,0.5815,0.2595,1.8931,1.0076,1.125,0,DISABLED,13
43.411,29.24,67.60,1009.91,0.000000,0.000000,0.00,0,1,0.9434,-0.1790,0.5793,0.7863,1.6260,0.5802,1.121,0,DISABLED,13
43.513,29.23,67.61,1009.90,0.000000,0.000000,0.00,0,1,0.9390,-0.1782,0.5784,1.8321,1.6031,-0.3206,1.117,0,DISABLED,13
43.568,29.23,67.61,1009.90,0.000000,0.000000,0.00,0,1,0.9436,-0.1760,0.5769,2.1832,1.4885,-0.3206,1.120,0,DISABLED,13
43.630,29.23,67.62,1009.87,0.000000,0.000000,0.00,0,1,0.9441,-0.1755,0.5784,1.8015,1.4809,-0.1145,1.121,0,DISABLED,13
43.688,29.23,67.64,1009.89,0.000000,0.000000,0.00,0,1,0.9409,-0.1816,0.5789,1.1374,1.6031,0.5191,1.120,0,DISABLED,13
43.746,29.23,67.64,1009.89,0.000000,0.000000,0.00,0,1,0.9395,-0.1760,0.5774,0.4046,1.9313,0.9695,1.117,0,DISABLED,13
43.867,29.23,67.60,1009.91,0.000000,0.000000,0.00,0,1,0.9458,-0.1748,0.5813,2.3511,1.2901,-0.5344,1.124,0,DISABLED,13
43.949,29.25,67.60,1009.91,0.000000,0.000000,0.00,0,1,0.9446,-0.1807,0.5806,2.3740,1.3206,-0.6183,1.123,0,DISABLED,13
44.003,29.25,67.57,1009.92,0.000000,0.000000,0.00,0,1,0.9460,-0.1731,0.5796,2.0153,1.5038,-0.0916,1.123,0,DISABLED,13
44.360,29.26,67.61,1009.90,0.000000,0.000000,0.00,0,1,0.9436,-0.1816,0.5747,2.5802,1.3817,-0.8397,1.120,0,DISABLED,13
44.415,29.26,67.59,1009.90,0.000000,0.000000,0.00,0,1,0.9460,-0.1802,0.5769,0.9466,1.6565,0.4656,1.123,0,DISABLED,13
44.497,29.23,67.59,1009.86,0.000000,0.000000,0.00,0,1,0.9448,-0.1841,0.5820,0.9084,1.7405,0.4962,1.125,0,DISABLED,13
44.552,29.23,67.59,1009.86,0.000000,0.000000,0.00,0,1,0.9470,-0.1741,0.5759,0.5344,2.0534,1.2061,1.122,0,DISABLED,13
44.674,29.24,67.59,1009.91,0.000000,0.000000,0.00,0,1,0.9436,-0.1821,0.5796,1.5038,1.3817,0.1756,1.122,0,DISABLED,13
44.791,29.23,67.59,1009.88,0.000000,0.000000,0.00,0,1,0.9397,-0.1794,0.5835,0.7405,1.7099,0.9542,1.121,0,DISABLED,13
44.846,29.23,67.59,1009.88,0.000000,0.000000,0.00,0,1,0.9436,-0.1875,0.5757,0.2748,1.9008,0.9160,1.121,0,DISABLED,13
44.935,29.26,67.63,1009.92,0.000000,0.000000,0.00,0,1,0.9397,-0.1794,0.5803,1.0916,1.5573,0.7481,1.119,0,DISABLED,13
44.990,29.27,67.59,1009.93,0.000000,0.000000,0.00,0,1,0.9534,-0.1758,0.5803,1.4504,1.6718,0.2519,1.130,0,DISABLED,13
45.072,29.25,67.57,1009.89,0.000000,0.000000,0.00,0,1,0.9421,-0.1841,0.5803,2.0153,1.3969,-0.2748,1.122,0,DISABLED,13
45.154,29.26,67.56,1009.91,0.000000,0.000000,0.00,0,1,0.9409,-0.1807,0.5815,2.0840,1.4656,-0.2977,1.121,0,DISABLED,13
45.208,29.24,67.56,1009.89,0.000000,0.000000,0.00,0,1,0.9348,-0.1807,0.5828,1.9924,1.3588,-0.1603,1.116,0,DISABLED,13
45.292,29.24,67.56,1009.89,0.000000,0.000000,0.00,0,1,0.9460,-0.1724,0.5801,2.1908,1.2519,-0.4504,1.123,0,DISABLED,13
45.401,29.26,67.58,1009.92,0.000000,0.000000,0.00,0,1,0.9451,-0.1790,0.5776,2.2519,1.6641,-0.2595,1.122,0,DISABLED,13
45.455,29.27,67.60,1009.93,0.000000,0.000000,0.00,0,1,0.9387,-0.1765,0.5815,1.0763,1.6336,0.7099,1.118,0,DISABLED,13
45.514,29.27,67.60,1009.93,0.000000,0.000000,0.00,0,1,0.9443,-0.1738,0.5811,-0.4580,2.0382,1.8473,1.122,0,DISABLED,13
45.575,29.25,67.54,1009.87,0.000000,0.000000,0.00,0,1,0.9485,-0.1775,0.5789,-0.9160,2.0992,2.2595,1.125,0,DISABLED,13
45.695,29.26,67.56,1009.91,0.000000,0.000000,0.00,0,1,0.9473,-0.1770,0.5791,1.8550,1.4885,-0.1221,1.124,0,DISABLED,13
45.811,29.28,67.54,1009.94,0.000000,0.000000,0.00,0,1,0.9509,-0.1777,0.5845,3.7710,0.8092,-1.9237,1.130,0,DISABLED,13
45.867,29.28,67.52,1009.93,0.000000,0.000000,0.00,0,1,0.9460,-0.1829,0.5776,2.9160,1.1603,-1.0611,1.123,0,DISABLED,14
45.926,29.28,67.52,1009.93,0.000000,0.000000,0.00,0,1,0.9341,-0.1753,0.5837,1.3435,1.5267,0.3969,1.115,0,DISABLED,14
45.985,29.25,67.53,1009.89,0.000000,0.000000,0.00,0,1,0.9512,-0.1846,0.5806,-0.4656,2.0153,1.5420,1.130,0,DISABLED,14
46.045,29.27,67.54,1009.90,0.000000,0.000000,0.00,0,1,0.9468,-0.1816,0.5857,-1.0076,2.3740,2.1603,1.128,0,DISABLED,14
46.104,29.27,67.54,1009.90,0.000000,0.000000,0.00,0,1,0.9524,-0.1812,0.5776,-0.3359,1.9008,1.6336,1.129,0,DISABLED,14
46.164,29.26,67.58,1009.88,0.000000,0.000000,0.00,0,1,0.9424,-0.1780,0.5796,1.8473,1.7023,-0.2290,1.121,0,DISABLED,14
46.223,29.26,67.58,1009.88,0.000000,0.000000,0.00,0,1,0.9451,-0.1763,0.5791,3.3130,0.9237,-1.4962,1.122,0,DISABLED,14
46.283,29.27,67.50,1009.91,0.000000,0.000000,0.00,0,1,0.9392,-0.1792,0.5789,2.9924,1.1679,-1.1145,1.118,0,DISABLED,14
46.342,29.27,67.52,1009.92,0.000000,0.000000,0.00,0,1,0.9341,-0.1719,0.5901,1.0534,1.6718,0.5878,1.118,0,DISABLED,14
46.425,29.27,67.53,1009.90,0.000000,0.000000,0.00,0,1,0.9441,-0.1719,0.5803,-0.4351,2.0992,1.7634,1.121,0,DISABLED,14
46.541,29.26,67.51,1009.89,0.000000,0.000000,0.00,0,1,0.9465,-0.1833,0.5781,2.5038,1.1832,-0.6031,1.124,0,DISABLED,14
46.595,29.26,67.51,1009.92,0.000000,0.000000,0.00,0,1,0.9509,-0.1846,0.5828,4.1679,0.7786,-2.3282,1.130,0,DISABLED,14
46.677,29.27,67.50,1009.92,0.000000,0.000000,0.00,0,1,0.9373,-0.1848,0.5818,3.8244,1.1221,-1.9771,1.119,0,DISABLED,14
46.732,29.28,67.52,1009.93,0.000000,0.000000,0.00,0,1,0.9373,-0.1790,0.5750,2.4809,1.2366,-0.8473,1.114,0,DISABLED,14
46.791,29.28,67.52,1009.93,0.000000,0.000000,0.00,0,1,0.9453,-0.1865,0.5769,0.7252,1.8550,0.8473,1.123,0,DISABLED,14
46.883,29.26,67.53,1009.85,0.000000,0.000000,0.00,0,1,0.9434,-0.1790,0.5767,-0.4504,2.2519,1.6870,1.120,0,DISABLED,14
46.937,29.29,67.51,1009.92,0.000000,0.000000,0.00,0,1,0.9395,-0.1758,0.5776,-0.2290,1.9847,1.5573,1.117,0,DISABLED,14
47.033,29.27,67.52,1009.91,0.000000,0.000000,0.00,0,1,0.9407,-0.1772,0.5823,0.3053,1.8473,1.3893,1.120,0,DISABLED,14
47.121,29.28,67.52,1009.89,0.000000,0.000000,0.00,0,1,0.9543,-0.1777,0.5847,1.8015,1.3130,-0.0152,1.133,0,DISABLED,14
47.230,29.27,67.52,1009.88,0.000000,0.000000,0.00,0,1,0.9412,-0.1748,0.5845,2.0076,1.4427,-0.6565,1.122,0,DISABLED,14
47.284,29.27,67.52,1009.88,0.000000,0.000000,0.00,0,1,0.9448,-0.1814,0.5815,1.5649,1.6183,0.0839,1.124,0,DISABLED,14
47.344,29.28,67.52,1009.90,0.000000,0.000000,0.00,0,1,0.9441,-0.1763,0.5823,0.8779,1.6031,0.9389,1.123,0,DISABLED,14
47.404,29.27,67.53,1009.89,0.000000,0.000000,0.00,0,1,0.9446,-0.1775,0.5757,0.4427,1.8855,1.0229,1.120,0,DISABLED,14
47.462,29.27,67.53,1009.89,0.000000,0.000000,0.00,0,1,0.9441,-0.1780,0.5774,0.2672,1.7023,1.2595,1.121,0,DISABLED,14
47.521,29.28,67.54,1009.90,0.000000,0.000000,0.00,0,1,0.9434,-0.1687,0.5820,0.4122,1.8244,1.1908,1.121,0,DISABLED,14
47.603,29.29,67.54,1009.91,0.000000,0.000000,0.00,0,1,0.9470,-0.1780,0.5774,0.3511,1.9466,1.3511,1.123,0,DISABLED,14
47.658,29.29,67.54,1009.91,0.000000,0.000000,0.00,0,1,0.9355,-0.1797,0.5811,1.1527,1.8168,0.4885,1.116,0,DISABLED,14
47.761,29.27,67.55,1009.90,0.000000,0.000000,0.00,0,1,0.9424,-0.1724,0.5801,2.3740,1.2595,-0.5954,1.120,0,DISABLED,14
47.842,29.30,67.55,1009.93,0.000000,0.000000,0.00,0,1,0.9480,-0.1780,0.5793,1.5573,1.3817,0.2672,1.125,0,DISABLED,14
47.945,29.30,67.53,1009.92,0.000000,0.000000,0.00,0,1,0.9519,-0.1777,0.5837,2.5267,1.4046,-0.5344,1.131,0,DISABLED,14
47.999,29.30,67.55,1009.91,0.000000,0.000000,0.00,0,1,0.9460,-0.1787,0.5818,1.2214,1.6260,0.0305,1.125,0,DISABLED,14
48.411,29.30,67.53,1009.91,0.000000,0.000000,0.00,0,1,0.9365,-0.1758,0.5879,-0.6641,2.0076,1.7481,1.120,0,DISABLED,14
48.527,29.30,67.53,1009.96,0.000000,0.000000,0.00,0,1,0.9497,-0.1731,0.5796,0.1756,1.7786,1.2977,1.126,0,DISABLED,14
48.609,29.29,67.52,1009.90,0.000000,0.000000,0.00,0,1,0.9397,-0.1772,0.5786,1.2595,1.5115,0.3969,1.118,0,DISABLED,14
48.691,29.29,67.52,1009.90,0.000000,0.000000,0.00,0,1,0.9465,-0.1755,0.5830,1.1985,1.6107,0.4122,1.125,0,DISABLED,14
48.745,29.29,67.52,1009.90,0.000000,0.000000,0.00,0,1,0.9375,-0.1794,0.5801,1.7405,1.6107,0.0992,1.117,0,DISABLED,14
48.835,29.28,67.54,1009.88,0.000000,0.000000,0.00,0,1,0.9456,-0.1719,0.5747,1.9771,1.2137,-0.2137,1.120,0,DISABLED,14
48.891,29.31,67.52,1009.92,0.000000,0.000000,0.00,0,1,0.9368,-0.1729,0.5818,2.1756,1.5038,-0.4733,1.116,0,DISABLED,15
48.950,29.31,67.52,1009.92,0.000000,0.000000,0.00,0,1,0.9531,-0.1770,0.5818,2.0840,1.4504,-0.5038,1.131,0,DISABLED,15
49.010,29.28,67.50,1009.88,0.000000,0.000000,0.00,0,1,0.9460,-0.1755,0.5732,1.9313,1.2901,-0.6947,1.120,0,DISABLED,15
49.069,29.29,67.54,1009.88,0.000000,0.000000,0.00,0,1,0.9434,-0.1763,0.5796,2.3740,1.3740,-0.5573,1.121,0,DISABLED,15
49.129,29.29,67.54,1009.88,0.000000,0.000000,0.00,0,1,0.9426,-0.1699,0.5820,1.2366,1.5649,0.3588,1.121,0,DISABLED,15
49.188,29.30,67.50,1009.89,0.000000,0.000000,0.00,0,1,0.9426,-0.1743,0.5835,0.2290,1.8702,1.1450,1.122,0,DISABLED,15
49.247,29.30,67.50,1009.89,0.000000,0.000000,0.00,0,1,0.9409,-0.1777,0.5837,-0.7023,2.0763,2.0534,1.121,0,DISABLED,15
49.307,29.30,67.49,1009.89,0.000000,0.000000,0.00,0,1,0.9441,-0.1707,0.5823,-0.2137,2.0229,1.4809,1.122,0,DISABLED,15
49.366,29.30,67.49,1009.89,0.000000,0.000000,0.00,0,1,0.9456,-0.1721,0.5815,0.0000,1.7863,1.5267,1.123,0,DISABLED,15
49.424,29.30,67.49,1009.89,0.000000,0.000000,0.00,0,1,0.9453,-0.1724,0.5835,0.1374,1.8015,1.3664,1.124,0,DISABLED,15
49.484,29.31,67.47,1009.89,0.000000,0.000000,0.00,0,1,0.9446,-0.1743,0.5811,0.8550,1.8702,1.0076,1.123,0,DISABLED,15
49.542,29.31,67.47,1009.89,0.000000,0.000000,0.00,0,1,0.9402,-0.1711,0.5803,2.0611,1.4046,-0.3435,1.118,0,DISABLED,15
49.603,29.31,67.47,1009.90,0.000000,0.000000,0.00,0,1,0.9482,-0.1733,0.5781,2.0458,1.3740,-0.4198,1.124,0,DISABLED,15
49.693,29.31,67.47,1009.91,0.000000,0.000000,0.00,0,1,0.9429,-0.1768,0.5767,2.3053,1.0840,-0.3969,1.119,0,DISABLED,15
49.746,29.32,67.45,1009.92,0.000000,0.000000,0.00,0,1,0.9492,-0.1790,0.5776,1.2901,1.2901,0.5420,1.125,0,DISABLED,15
49.897,29.32,67.46,1009.90,0.000000,0.000000,0.00,0,1,0.9568,-0.1680,0.5769,2.1221,1.4962,-0.2977,1.130,0,DISABLED,15
49.979,29.31,67.45,1009.93,0.000000,0.000000,0.00,0,1,0.9468,-0.1707,0.5803,1.5954,1.5802,0.1450,1.124,0,DISABLED,15
50.061,29.31,67.45,1009.93,0.000000,0.000000,0.00,0,1,0.9448,-0.1775,0.5835,1.1603,1.6565,0.6718,1.125,0,DISABLED,15
50.170,29.30,67.44,1009.89,0.000000,0.000000,0.00,0,1,0.9438,-0.1729,0.5776,0.8244,1.7328,0.9008,1.120,0,DISABLED,15
50.252,29.32,67.43,1009.90,0.000000,0.000000,0.00,0,1,0.9448,-0.1687,0.5774,0.7252,1.6641,0.8244,1.120,0,DISABLED,15
50.354,29.30,67.43,1009.89,0.000000,0.000000,0.00,0,1,0.9521,-0.1729,0.5803,0.5725,1.8168,0.9618,1.128,0,DISABLED,15
50.436,29.31,67.43,1009.91,0.000000,0.000000,0.00,0,1,0.9382,-0.1677,0.5813,2.1603,1.4580,-0.2214,1.116,0,DISABLED,15
50.552,29.30,67.43,1009.87,0.000000,0.000000,0.00,0,1,0.9417,-0.1733,0.5825,1.0229,1.7481,0.3817,1.121,0,DISABLED,15
50.654,29.31,67.42,1009.88,0.000000,0.000000,0.00,0,1,0.9380,-0.1702,0.5857,0.0839,1.7252,1.6718,1.119,0,DISABLED,15
50.736,29.32,67.41,1009.88,0.000000,0.000000,0.00,0,1,0.9434,-0.1753,0.5857,1.6489,1.6107,0.1603,1.124,0,DISABLED,15
50.817,29.32,67.41,1009.88,0.000000,0.000000,0.00,0,1,0.9463,-0.1790,0.5789,2.1374,1.4962,-0.2977,1.124,0,DISABLED,15
50.872,29.32,67.44,1009.88,0.000000,0.000000,0.00,0,1,0.9351,-0.1731,0.5818,1.8397,1.5878,0.0229,1.115,0,DISABLED,15
50.931,29.30,67.39,1009.85,0.000000,0.000000,0.00,0,1,0.9490,-0.1697,0.5825,0.4885,1.6641,0.9237,1.126,0,DISABLED,15
50.991,29.30,67.39,1009.85,0.000000,0.000000,0.00,0,1,0.9434,-0.1707,0.5889,0.5954,1.7939,0.9084,1.125,0,DISABLED,15
51.082,29.32,67.41,1009.89,0.000000,0.000000,0.00,0,1,0.9558,-0.1770,0.5837,2.4427,1.2214,-0.7710,1.134,0,DISABLED,15
51.192,29.34,67.38,1009.89,0.000000,0.000000,0.00,0,1,0.9492,-0.1780,0.5786,4.3817,0.6947,-2.5267,1.126,0,DISABLED,15
51.279,29.33,67.38,1009.89,0.000000,0.000000,0.00,0,1,0.9485,-0.1692,0.5842,3.4122,0.9237,-1.6336,1.127,0,DISABLED,15
51.396,29.34,67.37,1009.88,0.000000,0.000000,0.00,0,1,0.9514,-0.1819,0.5776,1.2366,1.5420,0.3282,1.128,0,DISABLED,15
51.478,29.33,67.40,1009.88,0.000000,0.000000,0.00,0,1,0.9399,-0.1777,0.5798,1.4885,1.6260,0.2443,1.119,0,DISABLED,15
51.595,29.34,67.39,1009.88,0.000000,0.000000,0.00,0,1,0.9358,-0.1782,0.5793,2.3740,1.1069,-0.7557,1.115,0,DISABLED,15
51.690,29.34,67.38,1009.90,0.000000,0.000000,0.00,0,1,0.9365,-0.1753,0.5815,3.6489,0.7786,-1.6870,1.116,0,DISABLED,15
51.771,29.33,67.37,1009.87,0.000000,0.000000,0.00,0,1,0.9468,-0.1753,0.5813,1.1145,1.6336,0.2061,1.125,0,DISABLED,15
51.878,29.34,67.36,1009.91,0.000000,0.000000,0.00,0,1,0.9451,-0.1821,0.5811,-0.8321,2.2672,2.2977,1.124,0,DISABLED,16
51.934,29.34,67.44,1009.92,0.000000,0.000000,0.00,0,1,0.9497,-0.1829,0.5811,-1.0153,2.2137,2.0534,1.128,0,DISABLED,16
51.993,29.34,67.44,1009.87,0.000000,0.000000,0.00,0,1,0.9419,-0.1770,0.5754,0.8397,1.6031,0.5038,1.118,0,DISABLED,16
52.053,29.32,67.39,1009.87,0.000000,0.000000,0.00,0,1,0.9353,-0.1746,0.5791,2.5267,1.1756,-0.8092,1.114,0,DISABLED,16
52.112,29.33,67.39,1009.86,0.000000,0.000000,0.00,0,1,0.9412,-0.1763,0.5745,2.8321,0.9542,-1.0382,1.117,0,DISABLED,16
52.171,29.33,67.39,1009.86,0.000000,0.000000,0.00,0,1,0.9460,-0.1809,0.5789,2.0534,1.4580,-0.1985,1.124,0,DISABLED,16
52.231,29.33,67.39,1009.88,0.000000,0.000000,0.00,0,1,0.9358,-0.1736,0.5791,-0.0992,2.1679,1.2977,1.114,0,DISABLED,16
52.804,29.35,67.38,1009.91,0.000000,0.000000,0.00,0,1,0.9417,-0.1790,0.5776,3.0840,1.2595,-1.3053,1.119,0,DISABLED,16
52.858,29.35,67.38,1009.91,0.000000,0.000000,0.00,0,1,0.9465,-0.1755,0.5793,0.8626,1.6947,0.3664,1.124,0,DISABLED,16
52.948,29.34,67.39,1009.89,0.000000,0.000000,0.00,0,1,0.9451,-0.1721,0.5815,-0.6794,2.1985,1.7939,1.123,0,DISABLED,16
53.064,29.35,67.37,1009.89,0.000000,0.000000,0.00,0,1,0.9414,-0.1733,0.5796,-0.4733,2.1527,1.7634,1.119,0,DISABLED,16
53.166,29.34,67.37,1009.90,0.000000,0.000000,0.00,0,1,0.9529,-0.1748,0.5779,2.0687,1.3130,-0.5115,1.128,0,DISABLED,16
53.248,29.35,67.35,1009.90,0.000000,0.000000,0.00,0,1,0.9470,-0.1824,0.5806,2.5725,1.2672,-0.6870,1.126,0,DISABLED,16
53.329,29.36,67.33,1009.93,0.000000,0.000000,0.00,0,1,0.9519,-0.1724,0.5764,3.9313,0.6870,-2.1603,1.126,0,DISABLED,16
53.411,29.36,67.33,1009.90,0.000000,0.000000,0.00,0,1,0.9419,-0.1736,0.5862,1.3282,1.6412,0.1679,1.123,0,DISABLED,16
53.465,29.36,67.33,1009.91,0.000000,0.000000,0.00,0,1,0.9480,-0.1660,0.5793,-0.5267,2.0458,1.7405,1.123,0,DISABLED,16
53.524,29.36,67.33,1009.91,0.000000,0.000000,0.00,0,1,0.9551,-0.1724,0.5774,-0.7634,2.0076,1.8244,1.129,0,DISABLED,16
53.585,29.34,67.29,1009.86,0.000000,0.000000,0.00,0,1,0.9446,-0.1724,0.5762,3.1450,1.0305,-1.3893,1.120,0,DISABLED,16
53.667,29.35,67.31,1009.88,0.000000,0.000000,0.00,0,1,0.9438,-0.1760,0.5759,3.7252,1.1298,-1.8550,1.120,0,DISABLED,16
53.722,29.35,67.31,1009.88,0.000000,0.000000,0.00,0,1,0.9451,-0.1790,0.5742,5.0076,0.4427,-2.9160,1.120,0,DISABLED,16
53.777,29.34,67.29,1009.85,0.000000,0.000000,0.00,0,1,0.9402,-0.1743,0.5754,4.9237,0.5573,-2.5954,1.116,0,DISABLED,16
53.837,29.34,67.29,1009.85,0.000000,0.000000,0.00,0,1,0.9431,-0.1807,0.5813,3.3893,1.0382,-1.2595,1.123,0,DISABLED,16
53.896,29.35,67.29,1009.86,0.000000,0.000000,0.00,0,1,0.9458,-0.1772,0.5784,-0.3740,2.1069,1.8168,1.123,0,DISABLED,16
53.979,29.35,67.29,1009.86,0.000000,0.000000,0.00,0,1,0.9365,-0.1782,0.5750,-0.2443,1.9847,1.7252,1.113,0,DISABLED,16
54.102,29.35,67.30,1009.87,0.000000,0.000000,0.00,0,1,0.9468,-0.1772,0.5818,1.1756,1.7786,0.6565,1.125,0,DISABLED,16
54.184,29.36,67.28,1009.91,0.000000,0.000000,0.00,0,1,0.9468,-0.1729,0.5789,0.1756,1.8931,1.1374,1.123,0,DISABLED,16
54.238,29.36,67.28,1009.91,0.000000,0.000000,0.00,0,1,0.9421,-0.1843,0.5767,-0.5878,1.9160,1.7252,1.120,0,DISABLED,16
54.300,29.35,67.28,1009.87,0.000000,0.000000,0.00,0,1,0.9463,-0.1748,0.5781,-0.6336,2.1603,1.6412,1.123,0,DISABLED,16
54.383,29.35,67.26,1009.85,0.000000,0.000000,0.00,0,1,0.9421,-0.1790,0.5793,0.1298,1.9924,1.3740,1.120,0,DISABLED,16
54.465,29.37,67.26,1009.90,0.000000,0.000000,0.00,0,1,0.9390,-0.1716,0.5764,0.5420,1.8855,1.0611,1.115,0,DISABLED,16
54.519,29.37,67.26,1009.90,0.000000,0.000000,0.00,0,1,0.9438,-0.1707,0.5784,2.1298,1.1679,-0.4046,1.120,0,DISABLED,16
54.579,29.35,67.25,1009.88,0.000000,0.000000,0.00,0,1,0.9521,-0.1699,0.5793,2.8626,1.0687,-0.7786,1.127,0,DISABLED,16
54.640,29.35,67.23,1009.87,0.000000,0.000000,0.00,0,1,0.9431,-0.1758,0.5830,2.2672,1.4046,-0.4427,1.123,0,DISABLED,16
54.746,29.36,67.24,1009.88,0.000000,0.000000,0.00,0,1,0.9534,-0.1770,0.5813,2.4427,1.2824,-0.3817,1.131,0,DISABLED,16
54.842,29.35,67.23,1009.89,0.000000,0.000000,0.00,0,1,0.9417,-0.1680,0.5769,0.8244,1.7099,0.3130,1.117,0,DISABLED,16
54.953,29.35,67.23,1009.88,0.000000,0.000000,0.00,0,1,0.9448,-0.1687,0.5791,0.3053,2.1374,1.1832,1.121,0,DISABLED,17
55.009,29.35,67.23,1009.88,0.000000,0.000000,0.00,0,1,0.9409,-0.1763,0.5752,0.9924,1.7023,0.7023,1.117,0,DISABLED,17
55.066,29.36,67.24,1009.88,0.000000,0.000000,0.00,0,1,0.9492,-0.1753,0.5764,1.1832,1.5802,0.3588,1.124,0,DISABLED,17
55.125,29.36,67.20,1009.87,0.000000,0.000000,0.00,0,1,0.9436,-0.1741,0.5811,1.1298,1.6870,0.3130,1.122,0,DISABLED,17
55.185,29.36,67.20,1009.87,0.000000,0.000000,0.00,0,1,0.9517,-0.1687,0.5747,2.2443,1.2824,-0.4427,1.124,0,DISABLED,17
55.244,29.36,67.20,1009.86,0.000000,0.000000,0.00,0,1,0.9431,-0.1741,0.5776,3.8779,1.0076,-2.0992,1.120,0,DISABLED,17
55.304,29.36,67.20,1009.86,0.000000,0.000000,0.00,0,1,0.9329,-0.1755,0.5774,5.2214,0.6489,-2.7023,1.111,0,DISABLED,17
55.363,29.37,67.22,1009.91,0.000000,0.000000,0.00,0,1,0.9443,-0.1733,0.5806,4.0229,0.8321,-2.0153,1.122,0,DISABLED,17
55.423,29.37,67.21,1009.92,0.000000,0.000000,0.00,0,1,0.9473,-0.1829,0.5796,2.5038,1.2977,-0.9313,1.125,0,DISABLED,17
55.543,29.37,67.20,1009.89,0.000000,0.000000,0.00,0,1,0.9397,-0.1792,0.5774,1.3817,1.5191,0.5496,1.117,0,DISABLED,17
55.653,29.37,67.20,1009.89,0.000000,0.000000,0.00,0,1,0.9495,-0.1758,0.5713,1.4885,1.3664,0.0534,1.122,0,DISABLED,17
55.708,29.37,67.20,1009.89,0.000000,0.000000,0.00,0,1,0.9426,-0.1794,0.5793,2.2366,1.4962,-0.4198,1.121,0,DISABLED,17
55.767,29.39,67.19,1009.91,0.000000,0.000000,0.00,0,1,0.9514,-0.1763,0.5793,3.3053,1.0611,-1.3130,1.128,0,DISABLED,17
55.873,29.36,67.20,1009.87,0.000000,0.000000,0.00,0,1,0.9407,-0.1746,0.5850,2.7634,1.3282,-1.0153,1.121,0,DISABLED,17
55.983,29.39,67.20,1009.91,0.000000,0.000000,0.00,0,1,0.9421,-0.1790,0.5801,-0.0534,2.0992,1.6870,1.121,0,DISABLED,17
56.037,29.40,67.15,1009.92,0.000000,0.000000,0.00,0,1,0.9399,-0.1799,0.5747,-0.1756,1.9466,1.4504,1.116,0,DISABLED,17
56.133,29.37,67.20,1009.85,0.000000,0.000000,0.00,0,1,0.9397,-0.1807,0.5793,0.9237,1.6565,0.5420,1.119,0,DISABLED,17
56.215,29.38,67.21,1009.87,0.000000,0.000000,0.00,0,1,0.9443,-0.1799,0.5793,1.6031,1.6489,0.4046,1.122,0,DISABLED,17
56.331,29.37,67.20,1009.85,0.000000,0.000000,0.00,0,1,0.9397,-0.1763,0.5750,2.7023,1.2366,-0.8702,1.116,0,DISABLED,17
56.412,29.40,67.21,1009.91,0.000000,0.000000,0.00,0,1,0.9397,-0.1831,0.5833,2.1756,1.5649,-0.4809,1.121,0,DISABLED,17
56.466,29.40,67.21,1009.91,0.000000,0.000000,0.00,0,1,0.9429,-0.1746,0.5791,1.5573,1.4962,-0.1756,1.120,0,DISABLED,17
56.525,29.38,67.26,1009.86,0.000000,0.000000,0.00,0,1,0.9429,-0.1855,0.5820,1.1374,1.8092,0.3817,1.123,0,DISABLED,17
56.921,29.40,67.23,1009.93,0.000000,0.000000,0.00,0,1,0.9409,-0.1709,0.5769,-2.9389,3.0382,3.7634,1.117,0,DISABLED,17
57.044,29.40,67.22,1009.89,0.000000,0.000000,0.00,0,1,0.9448,-0.1733,0.5796,1.1450,1.4046,0.7099,1.122,0,DISABLED,17
57.126,29.41,67.23,1009.90,0.000000,0.000000,0.00,0,1,0.9480,-0.1777,0.5813,2.3893,1.2443,-0.6870,1.126,0,DISABLED,17
57.221,29.41,67.22,1009.93,0.000000,0.000000,0.00,0,1,0.9336,-0.1733,0.5723,4.1756,0.7328,-2.3511,1.109,0,DISABLED,17
57.275,29.41,67.27,1009.91,0.000000,0.000000,0.00,0,1,0.9370,-0.1716,0.5789,4.3206,0.9160,-2.1450,1.115,0,DISABLED,17
57.335,29.41,67.27,1009.91,0.000000,0.000000,0.00,0,1,0.9468,-0.1738,0.5847,3.4809,0.9389,-1.5496,1.126,0,DISABLED,17
57.396,29.38,67.23,1009.86,0.000000,0.000000,0.00,0,1,0.9478,-0.1748,0.5789,0.0763,1.9313,1.2748,1.124,0,DISABLED,17
57.478,29.41,67.23,1009.90,0.000000,0.000000,0.00,0,1,0.9395,-0.1743,0.5747,-0.2290,2.1450,1.4275,1.115,0,DISABLED,17
57.532,29.41,67.23,1009.90,0.000000,0.000000,0.00,0,1,0.9512,-0.1743,0.5764,0.1374,1.9313,1.3588,1.126,0,DISABLED,17
57.587,29.39,67.20,1009.86,0.000000,0.000000,0.00,0,1,0.9434,-0.1748,0.5725,2.2519,1.2061,-0.7176,1.117,0,DISABLED,17
57.647,29.39,67.20,1009.86,0.000000,0.000000,0.00,0,1,0.9397,-0.1777,0.5842,3.9160,1.1450,-1.7939,1.121,0,DISABLED,17
57.753,29.40,67.17,1009.87,0.000000,0.000000,0.00,0,1,0.9451,-0.1714,0.5801,1.6260,1.7252,-0.1374,1.122,0,DISABLED,17
57.835,29.42,67.21,1009.92,0.000000,0.000000,0.00,0,1,0.9438,-0.1729,0.5818,1.6031,1.7710,0.0229,1.122,0,DISABLED,17
57.952,29.42,67.19,1009.91,0.000000,0.000000,0.00,0,1,0.9414,-0.1768,0.5764,0.0229,1.9389,1.2977,1.118,0,DISABLED,17
58.009,29.41,67.20,1009.90,0.000000,0.000000,0.00,0,1,0.9443,-0.1716,0.5845,-1.3206,2.1908,2.4046,1.124,0,DISABLED,18
58.067,29.39,67.17,1009.86,0.000000,0.000000,0.00,0,1,0.9458,-0.1775,0.5781,-1.4809,2.3359,2.7405,1.123,0,DISABLED,18
58.127,29.39,67.17,1009.86,0.000000,0.000000,0.00,0,1,0.9504,-0.1772,0.5793,-0.1603,1.9924,1.5954,1.127,0,DISABLED,18
58.186,29.41,67.21,1009.86,0.000000,0.000000,0.00,0,1,0.9509,-0.1775,0.5771,2.1450,1.3282,-0.2748,1.126,0,DISABLED,18
58.246,29.41,67.21,1009.86,0.000000,0.000000,0.00,0,1,0.9507,-0.1758,0.5820,4.1221,0.8015,-2.2824,1.128,0,DISABLED,18
58.305,29.41,67.18,1009.85,0.000000,0.000000,0.00,0,1,0.9453,-0.1736,0.5728,4.1527,0.7405,-2.0534,1.119,0,DISABLED,18
58.365,29.42,67.17,1009.89,0.000000,0.000000,0.00,0,1,0.9429,-0.1746,0.5842,2.6794,1.1832,-0.6794,1.123,0,DISABLED,18
58.422,29.42,67.17,1009.89,0.000000,0.000000,0.00,0,1,0.9424,-0.1763,0.5818,0.0152,1.9771,1.3969,1.121,0,DISABLED,18
58.481,29.43,67.16,1009.91,0.000000,0.000000,0.00,0,1,0.9473,-0.1785,0.5781,-0.2824,1.7863,1.7634,1.124,0,DISABLED,18
58.563,29.43,67.16,1009.91,0.000000,0.000000,0.00,0,1,0.9468,-0.1755,0.5728,0.0229,2.0611,1.3740,1.120,0,DISABLED,18
58.618,29.43,67.16,1009.91,0.000000,0.000000,0.00,0,1,0.9468,-0.1741,0.5801,-0.0839,1.9160,1.3969,1.124,0,DISABLED,18
58.675,29.40,67.09,1009.85,0.000000,0.000000,0.00,0,1,0.9490,-0.1763,0.5764,0.1221,1.8168,1.5954,1.124,0,DISABLED,18
58.733,29.40,67.09,1009.85,0.000000,0.000000,0.00,0,1,0.9451,-0.1802,0.5798,0.4733,1.7863,1.0763,1.123,0,DISABLED,18
58.793,29.43,67.13,1009.90,0.000000,0.000000,0.00,0,1,0.9443,-0.1738,0.5784,1.1298,1.5802,0.4198,1.121,0,DISABLED,18
58.851,29.43,67.12,1009.90,0.000000,0.000000,0.00,0,1,0.9397,-0.1741,0.5828,3.6641,0.7176,-1.6947,1.119,0,DISABLED,18
58.934,29.43,67.12,1009.90,0.000000,0.000000,0.00,0,1,0.9495,-0.1748,0.5759,3.5878,0.9695,-1.5496,1.124,0,DISABLED,18
58.988,29.44,67.13,1009.94,0.000000,0.000000,0.00,0,1,0.9475,-0.1694,0.5833,1.9008,1.3130,-0.3053,1.125,0,DISABLED,18
59.091,29.40,67.14,1009.86,0.000000,0.000000,0.00,0,1,0.9417,-0.1714,0.5806,-1.6641,2.4809,2.8015,1.119,0,DISABLED,18
59.145,29.44,67.08,1009.92,0.000000,0.000000,0.00,0,1,0.9460,-0.1760,0.5754,-1.0840,2.3206,2.0611,1.121,0,DISABLED,18
59.228,29.44,67.08,1009.96,0.000000,0.000000,0.00,0,1,0.9424,-0.1772,0.5798,-0.5649,2.0763,1.8473,1.121,0,DISABLED,18
59.282,29.43,67.08,1009.95,0.000000,0.000000,0.00,0,1,0.9497,-0.1780,0.5764,1.6260,1.5191,-0.1527,1.125,0,DISABLED,18
59.342,29.41,67.08,1009.89,0.000000,0.000000,0.00,0,1,0.9436,-0.1743,0.5811,3.8015,0.9618,-1.7252,1.122,0,DISABLED,18
59.402,29.41,67.08,1009.89,0.000000,0.000000,0.00,0,1,0.9436,-0.1799,0.5789,5.9847,0.5267,-3.6641,1.122,0,DISABLED,18
59.462,29.42,67.09,1009.89,0.000000,0.000000,0.00,0,1,0.9443,-0.1731,0.5847,6.6641,0.2748,-4.1603,1.124,0,DISABLED,18
59.551,29.44,67.07,1009.93,0.000000,0.000000,0.00,0,1,0.9475,-0.1763,0.5823,2.7939,1.1069,-0.5878,1.126,0,DISABLED,18
59.654,29.44,67.07,1009.94,0.000000,0.000000,0.00,0,1,0.9448,-0.1787,0.5786,-2.3740,2.6565,3.2290,1.122,0,DISABLED,18
59.735,29.44,67.07,1009.91,0.000000,0.000000,0.00,0,1,0.9426,-0.1799,0.5774,-0.8550,1.7863,2.0687,1.120,0,DISABLED,18
59.789,29.44,67.07,1009.91,0.000000,0.000000,0.00,0,1,0.9473,-0.1768,0.5696,2.6107,1.1832,-0.7710,1.119,0,DISABLED,18
59.849,29.42,67.05,1009.87,0.000000,0.000000,0.00,0,1,0.9468,-0.1768,0.5703,5.3817,0.4733,-3.1756,1.119,0,DISABLED,18
59.910,29.43,67.06,1009.90,0.000000,0.000000,0.00,0,1,0.9375,-0.1804,0.5835,5.6870,0.3664,-3.3359,1.119,0,DISABLED,18
60.061,29.45,67.06,1009.92,0.000000,0.000000,0.00,0,1,0.9377,-0.1755,0.5801,-0.7634,2.0153,1.9008,1.117,0,DISABLED,18
60.115,29.45,67.06,1009.93,0.000000,0.000000,0.00,0,1,0.9292,-0.1777,0.5864,-4.5725,3.2901,5.3588,1.113,0,DISABLED,18
60.178,29.45,67.06,1009.93,0.000000,0.000000,0.00,0,1,0.9490,-0.1743,0.5801,-6.8855,4.0382,7.1756,1.126,0,DISABLED,18
60.267,29.42,67.05,1009.86,0.000000,0.000000,0.00,0,1,0.9490,-0.1741,0.5671,-1.3969,2.5573,2.4962,1.119,0,DISABLED,18
60.362,29.46,67.08,1009.93,0.000000,0.000000,0.00,0,1,0.9431,-0.1724,0.5752,7.6947,-0.1450,-4.9160,1.118,0,DISABLED,18
60.472,29.46,67.06,1009.92,0.000000,0.000000,0.00,0,1,0.9514,-0.1836,0.5818,4.9008,0.5420,-2.7405,1.130,0,DISABLED,18
